标题,价格,户型,面积,朝向,楼层,装修,种类,位置,标签,概况,设施,链接,行政区,price,tj1
直租 科技园 高新园 大冲 深大地铁口大学生白领合租房,1100,7室3厅6卫,17平方米,南北,高层(共39层),精装修,公寓,大冲城市花园 (南山大冲),True,True,"电视,空调,衣柜,床,卫生间,智能门锁,阳台,暖气,冰箱,洗衣机,热水器,宽带,沙发,油烟机,燃气灶,可做饭,",https://sz.zu.anjuke.com/fangyuan/1704563568878602?isauction=2&shangquan_id=6102&legoFeeUrl=https%3A%2F%2Flegoclick.58.com%2Fjump%3Ftarget%3DpZwY0ZnlsztdraOWUvYKuad-PH9LuAEvriYOPyPWsHw-nvnVmWDdPaYOPAPbP16-PyFhPyNKPHE1rjcQPHnQP1TLnHDKTHDLnjEdPWndPW93P19vnjcKrHmknTDOPWTkTHD_nHTKPTDQPWT1PjndnHcznW0zTHEzTNujsRKjsN72izLMGO4hBstVOlvUlmaFOmBgl2AClpAdTHDKPTDKsHDKTHD1nHbYPWbQn1mLPH0QPjDdnjEKP97Jpy7ZuHCkg1cdnjTKnEDOrADkuyRBPaYdPARBsHEQPjcVrH7-nBd-nWubnAR6uHn3PjcKnHnQrHEvrHD1rjmOrHDknjDvnTDQn1DOPjmOnHn3PWDQnjc1rj0YTEDKTEDKsEDKTy6YIZK1rBtf0LC8XMN8myOJIyV-shPfUiqhmyOMXgR6UBqkPat4uMFfURqk0h-WuHYkFMwfgLKzpyP-5HcdnjTKTHDYsWDQra3QPjT8nHmOTHTKnTDKnikQn97exEDQnjT1P9DQnjTQPWmdTHTznyuhn1KWsHT1nHbVPjN1nid6PyN3syn3m1bYuyD3rjE3mkDKPTDKTHTKPakQrjDQsjmQnjcKnE78IyQ_THn3uW-buy76m1nvmyFBnHN&lego_tid=021ff30c-0319-4531-a5e8-c8c94ea8848c,南山,"(1000.0, 1500.0]",True
龒龒号线福永站 温馨舒适 采光通风好 配套齐全 拎包入住,1400,1室0厅1卫,28平方米,朝南,高层(共8层),精装修,公寓,新和二区 (宝安福永),True,True,"冰箱,洗衣机,热水器,宽带,沙发,油烟机,可做饭,空调,衣柜,床,卫生间,智能门锁,",https://sz.zu.anjuke.com/fangyuan/1664014476926987?isauction=2&shangquan_id=6154&legoFeeUrl=https%3A%2F%2Flegoclick.58.com%2Fjump%3Ftarget%3DpZwY0ZnlsztdraOWUvYKuaYkuWDvnHuBuid6ryD3sHwbujNVrAE3Pid-nvu6nhFbnynOnvmKPjTvrHEdnjn3PHE1PHnKTHDvPWEknHEYP1mOnWmOrj0KrjEknTD3PjTkTHD_nHTKPTDQPWT1Pjndn10zrjcOTHckTNujsRKjsN72izLMGO4hBstVOlvUlmaFOmBgl2AClpAdTHDKrEDKsHDKTHD1nHbYPW9zrjTknj0vn1T3Pj9KP97Jpy7ZuHCkg1cdnjTKnEDvPAuhnhDQPBdbPHcvsHEQujbVmWEQraYLuHFBrH-hPWbvPHbKnHnQrHEvrjc3nHDvPHcvnW9YrEDQn1DOPjm3nW9QnHTvPHn3PjbLTEDKTEDKsEDKTy6YIZK1rBtf0LC8XMN8myOJIyV-shPfUiqhmyOMXgR6UBqkrit4uMFfURqk0h-WuHYkFMwfgLKzpyP-5HcdnjTKTHDYsWDQra3QPjT8nHmOTHTKnTDKnikQnE7exEDQnjT1P9DQnjTQPWmdTHRWPHuBmvnYsyn3P1mVPjmYPzd6P1P6symkPHNzmHR6nHw-PkDKPTDKTHTKPakQrjDzsjmQPHEKnE78IyQ_THK6PjNznWNOP1bLujP-mW9&lego_tid=5c56bcc4-c876-4647-a73a-f0552a5a14e7,宝安,"(1000.0, 1500.0]",True
财富港对面 海城新村 单间龤龒餼餼  不用介绍费,1200,1室0厅1卫,16平方米,朝南,中层(共7层),精装修,公寓,海城新村 (宝安坪洲),True,True,"冰箱,洗衣机,热水器,宽带,沙发,油烟机,燃气灶,可做饭,空调,衣柜,床,卫生间,智能门锁,阳台,暖气,",https://sz.zu.anjuke.com/fangyuan/1669718317735937?isauction=2&shangquan_id=34419&legoFeeUrl=https%3A%2F%2Flegoclick.58.com%2Fjump%3Ftarget%3DpZwY0ZnlsztdraOWUvYKuaYkuWDvnHuBuid6ryD3sHwbujNVrAE3Pid-nvu6nhFbnynOnvmKrHbOnH0knWnLPHDLPEDKnHmvrH0QrjnQP101PHb1PkDQn1NknTDQn1NknTDQsjDkTHEKnHmkn1E1PHnLnW9zrEDYnE7AEzdEEzdKib_VOlXxOCB4sXXVhShTBXyc-SB6Jrh6VEDQTHbKTiYQTEDQn1DOPHTznjEvrjELPH0YnjDvTHmKph-6wvNln7tzPHTkTHDKnHRbmyEdnymVPWc3PiYYuHE1syDQmynVnym1nyN3rAubnyw6THD1nHbdnjckPj0znWbzPHNvrjDKnHnQrHNknWTYP1DvnWDYPW9QP9DKTEDKTiYKTE7CIZwk01CfsLPlsMGdsh78pMRouiOWUvYfuh78uL-dmy3f0jbf5vuzUvdx0ZFGmvNqnauYUdqk0h-WuHYzPHTkTEDQPa3QnH98nHEksWDvrEDkTHTKTHD_nHDKXLYKnHTkn1mKnHTknHmvPE76uH6-uAw6mBdBPjczsHwhuhcVrAPBnid6njubnWKbPA7-P1bKTHEKTEDkTHE_nH9QnBk1PjEQrEDQTyOdUAkKPvEQrH-WuyF-Pj9LnHTkP9&lego_tid=ae8eddab-b422-4ffb-8cb1-a06d20d4ae79,宝安,"(1000.0, 1500.0]",True
石岩上屋地铁口上屋小学田心新村园岭村田心幼儿园为民学校家电齐,1280,1室1厅1卫,35平方米,东南,中层(共14层),精装修,公寓,石岩公馆 (宝安石岩),True,True,"冰箱,洗衣机,热水器,宽带,沙发,油烟机,燃气灶,可做饭,电视,空调,衣柜,床,卫生间,智能门锁,阳台,暖气,",https://sz.zu.anjuke.com/fangyuan/1703709946387457?isauction=2&shangquan_id=6156&legoFeeUrl=https%3A%2F%2Flegoclick.58.com%2Fjump%3Ftarget%3DpZwY0ZnlsztdraOWUvYKuadWmWm3P10YPidWrHnQsHE1uAmVrjnLPaYOnH7-rAnLm1RbmWcKPWc3n10On19OPHDYn1TKTHDLnjnLnjbOPjm1rj0YPH0KnHcknjTKnHcknjTKnikQnTDYTHDvnjnYn1NYnWbLnHTKnHnKwbnVNDnVENGssXXMMSpcfzLMoufG9cM-BFxCCpWGCUNKnEDQnTDKsHDKTHD1nHbYrjEYPjmdrj0YrHEYnjTKP97Jpy7ZuHCkg1cdnjTKnE76m1ndPjEQmiYkPjn1sHE1nAmVmW01uBYduHP6rjDznj--n1mKnHnQrHE3PjEYPW0krHDzrHcQP9DQn1DOPj9YPjEvPWn1PWnQP1EYTEDKTEDKsEDKTy6YIZK1rBtf0LC8XMN8myOJIyV-shPfUiqhmyOMXgR6UBqknHTf5vuzUvdx0ZFGmvNqnauYUdqk0h-WuHYzPHTkTEDQPa3QnH98nHEksWDvrEDkTHTKTHD_nHDKXLYKnHTkn1mKnHTknHmvPE7BuW-huWbQnaYYuW6bsHE1PADVmWnYniY3mH-hPHNQrHIBuAnKTHEKTEDkTHE_nH9QnBkvnHNvTHDKUMR_UTDOrHDkrHD1nvNzPHNzrAN3&lego_tid=bf9ff910-4f8d-434a-b341-8a9f55197bdc,宝安,"(1000.0, 1500.0]",True
财富港对面 海城新村 单间餼麣龒龒  不用介绍费,1200,1室0厅1卫,16平方米,朝南,中层(共7层),精装修,公寓,海城新村 (宝安坪洲),True,True,"冰箱,洗衣机,热水器,宽带,沙发,油烟机,燃气灶,可做饭,空调,衣柜,床,卫生间,智能门锁,阳台,暖气,",https://sz.zu.anjuke.com/fangyuan/1669718317735937?isauction=2&shangquan_id=34419&legoFeeUrl=https%3A%2F%2Flegoclick.58.com%2Fjump%3Ftarget%3DpZwY0ZnlsztdraOWUvYKuadWmWm3P10YPidWrHnQsHE1uAmVrjnLPaYOnH7-rAnLm1RbmWcKrHbOnH0knWnLPHDLPEDKnHmvrH0QrjnQP101PHb1PkDQn1NknTDQn1NknTDQsjDkTHEKnHmkn1E1PHEzrH0QnTDQPT7AEzdEEzdKib_VOlXxOCB4sXXVhShTBXyc-SB6Jrh6VEDQTHDkTEDVnEDKnHnQrHNknWTYPW9YP1NLPjTQP9DvTyGGmNI-rWKxnWNknTDQTywbrjK6PWIBsyDdPWcVPj9OnzdBuhNdsHckn1uWmv7WrjI-uEDQn1DOPHTznjELnWcOnWNdPW9QTHD1nHbdnjckPj0QPWcQPjm3nHmKTEDKTEDVTEDKpZwY0Znlszq1XBOlIiO6UhGdpvN8mvqVsvu6UhIOIy78sLTQnat4uMFfURqk0h-WuHYkFMwfgLKzpyP-5HcdnjTKTHDYsWDQra3QPjT8nHmOTHTKnTDKnikQnE7exEDQnjT1P9DQnjTQPWmdTyNzmWEzmycYsynkPW0VPj6Bmzd6nH-bsHmdPhP6m1E1nvmkPkDKPTDKTHTKPakQrjDzsjnYPjDOTHDKUMR_UTDdPjTOrjTYnWRbmhDOmHnL&lego_tid=e2b42ab4-c067-48bc-a19d-656cac433f07,宝安,"(1000.0, 1500.0]",True
急租！ 电梯房 精装修 网红公寓 大单间 安全可靠,1380,1室0厅1卫,38平方米,东南,中层(共10层),精装修,普通住宅,福海信息港 (宝安福永),True,True,"冰箱,洗衣机,热水器,宽带,沙发,油烟机,可做饭,电视,空调,衣柜,床,卫生间,智能门锁,阳台,暖气,",https://sz.zu.anjuke.com/fangyuan/1692409023618048?isauction=2&shangquan_id=6154&legoFeeUrl=https%3A%2F%2Flegoclick.58.com%2Fjump%3Ftarget%3DpZwY0ZnlsztdraOWUvYKuadWmWm3P10YPidWrHnQsHE1uAmVrjnLPaYOnH7-rAnLm1RbmWcKPHDdrHndrjcQPHbvn10KTHDvrHcYnjbknWnvnH9kPj9KrjEknTD3PjTkTHD_nHTKPTDQPWT1PjndPjcOP1DQTHnYTNujsRKjsN72izLMGO4hBstVOlvUlmaFOmBgl2AClpAdTHDKnHTKTiYQTEDQn1DOPjmdn1cdP191nHmvrH0vTHmKph-6wvNln7tzPHTkTHDKuWnznhcznWTVPHu6niYYPyRhsycLmvmVuAmvPHu-uWmYP16hTHD1nHbYPWN1nWmOP1TQPHNknjbKnHnQrHEvPHnzPW9LP19LPWczPTDKTEDKTiYKTE7CIZwk01CfsLPlsMGdsh78pMRouiOWUvYfuh78uL-dmy3f0jDks1qh0hqVgLKzpyP-5HThIAqx0ZFGmvNqnWNknTDKnHE8nHD3sWDYna3QPWbKnTDkTEDQsjDQTgVqTHDknjnvTHDknjDvPWNKnj0zPjDzm19VP1EkraYYmyEOsyDdn19VnHb1mhcznhN3nAczTEDYTEDKnTDYsjD3nHc_PWDdPTDQTyOdUAkKnW6-PjN1nvuBrHbkmWT1n9&lego_tid=072412c8-7408-4ad9-a538-193bb22e80b2,宝安,"(1000.0, 1500.0]",True
龒龒号线福永站 品牌公寓精装修 可养宠物 交通便利 拎包入住,1280,1室0厅1卫,25平方米,南北,中层(共6层),精装修,公寓,同泰时代中心 (宝安福永),True,True,"冰箱,洗衣机,热水器,宽带,沙发,油烟机,可做饭,空调,衣柜,床,卫生间,智能门锁,",https://sz.zu.anjuke.com/fangyuan/1660827081890826?isauction=2&shangquan_id=6154&legoFeeUrl=https%3A%2F%2Flegoclick.58.com%2Fjump%3Ftarget%3DpZwY0ZnlsztdraOWUvYKuadWmWm3P10YPidWrHnQsHE1uAmVrjnLPaYOnH7-rAnLm1RbmWcKPjTvrHEdnjn3PHE1PHnKTHDvPWT3nW0krjD3rHT3nWmKrjEknTD3PjTkTHD_nHTKPTDQPWT1PjndPjcOP1DzTHN1TNujsRKjsN72izLMGO4hBstVOlvUlmaFOmBgl2AClpAdTHDKnHTKTiYQTEDQn1DOPjmLn1D1njcLPWcYrHmkTHmKph-6wvNln7tzPHTkTHDKPHbOnHRbuhcVnWE3raYYm1NdsyDkPWbVuW9zm17hmhD3PvNkTHD1nHbYPW01nHEQnWc1n1Eznj9KnHnQrHEvP1nQPjTYPW91PW01P9DKTEDKTiYKTE7CIZwk01CfsLPlsMGdsh78pMRouiOWUvYfuh78uL-dmy3f0jDks1qh0hqVgLKzpyP-5HThIAqx0ZFGmvNqnWNknTDKnHE8nHD3sWDYna3QPWbKnTDkTEDQsjDQTgVqTHDknjnvTHDknjDvPWNKnH-buhP-nWDVmHFBniYYuA7hsH9OuyDVmyDQnhE3PvDvrAcvTEDYTEDKnTDYsjD3nHc_PWDdPTDQTyOdUAkKPjndmWm1nvnduWTQuAEdPk&lego_tid=19dfce21-a2b1-4daf-89ea-aa12d87a68b6,宝安,"(1000.0, 1500.0]",True
可短租！押一！可短租单间 驋驋号线福永地铁站 家电家私齐全,1380,1室0厅1卫,30平方米,朝南,中层(共9层),精装修,普通住宅,同泰时代中心 (宝安福永),True,True,"冰箱,洗衣机,热水器,宽带,沙发,油烟机,燃气灶,可做饭,电视,空调,衣柜,床,卫生间,智能门锁,阳台,暖气,",https://sz.zu.anjuke.com/fangyuan/1692409141208064?isauction=2&shangquan_id=6154&legoFeeUrl=https%3A%2F%2Flegoclick.58.com%2Fjump%3Ftarget%3DpZwY0ZnlsztdraOWUvYKuadWmWm3P10YPidWrHnQsHE1uAmVrjnLPaYOnH7-rAnLm1RbmWcKPHDdrHndrjcQPHbvn10KTHDvrHcYnjbQPjDznj9kPWEKrjEknTD3PjTkTHD_nHTKPTDQPWT1PjndPjcOP1DzTHNvTNujsRKjsN72izLMGO4hBstVOlvUlmaFOmBgl2AClpAdTHDKnHTKTiYQTEDQn1DOPjmdPjEQPjnvrHTQn10vTHmKph-6wvNln7tzPHTkTHDKnWN1nHuWPHnVuWcQPBYYn1m1sH9vm10VnHDzryE1PAPhPAPbTHD1nHbYPWNYPjcdPWNQPWbQPHcKnHnQrHEvPHEYnWE3PHE3nHELn9DKTEDKTiYKTE7CIZwk01CfsLPlsMGdsh78pMRouiOWUvYfuh78uL-dmy3f0jDks1qh0hqVgLKzpyP-5HThIAqx0ZFGmvNqnWNknTDKnHE8nHD3sWDYna3QPWbKnTDkTEDQsjDQTgVqTHDknjnvTHDknjDvPWNKmW91nycdnWcVuWbdnzYYuHnLsHbYrynVmyRhuAnOmHKWPymLTEDYTEDKnTDYsjD3nHc_PWDdPTDQTyOdUAkKuH0zP1TzuAnzuWTYnHbQuE&lego_tid=b831b522-f953-4e37-949c-aefdc9a0c5f7,宝安,"(1000.0, 1500.0]",True
精美小复式  家私家电全拎包入住 有厨房 温馨舒适,1200,1室0厅1卫,24平方米,朝南,中层(共8层),精装修,公寓,新屋村 (南山桃源村),True,True,"冰箱,洗衣机,热水器,宽带,沙发,油烟机,燃气灶,可做饭,电视,空调,衣柜,床,卫生间,智能门锁,阳台,暖气,",https://sz.zu.anjuke.com/fangyuan/1443973250112526?isauction=6&shangquan_id=6111&legoFeeUrl=https%3A%2F%2Flegoclick.58.com%2Fjump%3Ftarget%3DpZwY0ZnlsztdraOWUvYKuadBPWNQmhDQmBYOn1nQsHE3myDVryNYnzdhm1mvmvnQrA7bP1TKnHTkPWNvn1bvTEDQPjE1rH01nWNknHDzPHcvTHTKnHTkTHD_nHTKPTDQPWT1PjndPj9zP1bQTHDQTXy8BXyQ6Xy8C8Xqo8h6VBdEESXMMSpcfSXVhShTBXyc-SB6Jrh6VEDQTHDQTEDVnEDKnHnQrj0znj0OrjbLn10vn1N3PTDvTyGGmNI-rWKxnWNknTDQTHnOnhnkuj6bsHbzmHbVPAnOriY3rjcksHRBnjEOuWK-uj9OrEDQn1D3P1ckP1bOnj0YPjcvrj9kTHD1nH9LnWTLrH9OrH9On1ndnjEKTEDKTEDVTEDKpZwY0Znlszq1XBOlIiO6UhGdpvN8mvqVsvu6UhIOIy78sLTQnit4uMFfURqk0h-WuHYkFMwfgLKzpyP-5HcdnjTKTHDYsWDQra3QPjT8nHmOTHTKnTDKnikQnE7exEDQnjTdPTDQnjTzn1c1TycQrAcduhwhsHuWmW9VPAEduadBmHPWsHwbnA7-Pv7-uW-6nTDKPTDKTHnKPakQrjDQsjmQnHDKnE78IyQ_TyubnvEOmWbzuhNzuHIhuHE&lego_tid=b18b5fdf-6cb8-4d5d-ba3c-4d0ae7aef9a0,南山,"(1000.0, 1500.0]",True
近西丽地铁站 精装公寓房出租 配套齐全拎包入住 单间鸺龤龤起,900,1室0厅1卫,14平方米,东南,中层(共8层),精装修,公寓,新围综合楼 (南山西丽),True,True,"洗衣机,热水器,宽带,沙发,空调,衣柜,床,卫生间,暖气,",https://sz.zu.anjuke.com/fangyuan/1240936163975169?isauction=6&shangquan_id=1841&legoFeeUrl=https%3A%2F%2Flegoclick.58.com%2Fjump%3Ftarget%3DpZwY0ZnlsztdraOWUvYKuadBPWNQmhDQmBYOn1nQsHE3myDVryNYnzdhm1mvmvnQrA7bP1TKP101rH9dPTDKnHcYnjb1PWDvn1bLPHDvrEDkTHDknTDQsjDkTHEKnHmkn1E1PHE3nW0On9D1rTZ-oCM-_mg-oJsMfpeGCUmVND5MGO4hBs4MoufG9cM-BFxCCpWGCUNKnEDQnEDKsHDKTHD1nH9kPH9kn193PjDdrjDdPW9KP97Jpy7ZuHCkg1cdnjTKnE7BP1w-PvPbmBYdPyEksHE3mWcVrjuhPzd6rjPBrHnvm1w6rHDKnHnQrjTdrjT1rjb1n19vnjndn9DQn1D3njN3njn3rj0On1nkn1TYTEDKTEDKsEDKTy6YIZK1rBtf0LC8XMN8myOJIyV-shPfUiqhmyOMXgR6UBqknHDf5vuzUvdx0ZFGmvNqnauYUdqk0h-WuHYzPHTkTEDQPa3QnH98nHEksWDvrEDkTHTKTHD_nHDKXLYKnHTkPHEKnHTknWnznk76PWTYmWuBriYLPyE3sHw-uHmVmhcLmiYYnHczuyD3PW6bnjDKTHEKTED1THE_nH9QnikQrjEQTHDKUMR_UTDdPhu6rjIbnjnQnHNLnjEL&lego_tid=a604b6b9-75d8-4ee6-bb7a-4122ea868d01,南山,"(500.0, 1000.0]",True
邻七号线西丽地铁站旁 精装公寓 管理处直租 配套齐全拎包入住,950,1室0厅1卫,14平方米,东南,中层(共6层),精装修,公寓,丽新小区 (南山西丽),True,True,"冰箱,洗衣机,热水器,宽带,沙发,油烟机,可做饭,电视,空调,衣柜,床,卫生间,智能门锁,阳台,暖气,",https://sz.zu.anjuke.com/fangyuan/1392575190328326?isauction=6&shangquan_id=1841&legoFeeUrl=https%3A%2F%2Flegoclick.58.com%2Fjump%3Ftarget%3DpZwY0ZnlsztdraOWUvYKuadBPWNQmhDQmBYOn1nQsHE3myDVryNYnzdhm1mvmvnQrA7bP1TKP101rH9dPTDKnHnOnWNLPHDOnjnzrjnzP9DkTHDknTDQsjDkTHEKnHmkn1E1PHE3nW0OnkDYnkZ-oCM-_mg-oJsMfpeGCUmVND5MGO4hBs4MoufG9cM-BFxCCpWGCUNKnEDQnEDKsHDKTHD1nH9kPH9QP1EYnjb3P1NYPH0KP97Jpy7ZuHCkg1cdnjTKnEDQmHNYnWIbmBY1uHTvsHw-PjDVmHnYuBd-mvndPANkuWnOnAEKnHnQrjTdrjDLPjNknWDdPjcYnTDQn1D3njN3nH0YPjELPWcYnHbYTEDKTEDKsEDKTy6YIZK1rBtf0LC8XMN8myOJIyV-shPfUiqhmyOMXgR6UBqknHDf5vuzUvdx0ZFGmvNqnauYUdqk0h-WuHYzPHTkTEDQPa3QnH98nHEksWDvrEDkTHTKTHD_nHDKXLYKnHTkPHEKnHTknWnznk7WPhnLuARhmidBnHEYsHELPWmVmWbvriYkm1EzP1nOryFWmWnKTHEKTED1THE_nH9QnikQrjEQTHDKUMR_UT7BuHEzuhckPWI-m1KBnW9k&lego_tid=c6c7defa-b144-4766-b969-0c427399bcb3,南山,"(500.0, 1000.0]",True
西丽地铁口周边 精装复式 单间 拎包入住 免费健身房,950,1室1厅1卫,22平方米,朝南,中层(共6层),精装修,公寓,新围村 (南山西丽),True,True,"冰箱,洗衣机,热水器,宽带,沙发,油烟机,燃气灶,可做饭,电视,空调,衣柜,床,卫生间,智能门锁,阳台,暖气,",https://sz.zu.anjuke.com/fangyuan/1373661012434953?isauction=6&shangquan_id=1841&legoFeeUrl=https%3A%2F%2Flegoclick.58.com%2Fjump%3Ftarget%3DpZwY0ZnlsztdraOWUvYKuadBPWNQmhDQmBYOn1nQsHE3myDVryNYnzdhm1mvmvnQrA7bP1TKP1cvPjDYP9DKnHnLn1mvnHTQnWE1PjbdnkDkTHDknTDQsjDkTHEKnHmkn1E1PHE3nW0OnkDYP9Z-oCM-_mg-oJsMfpeGCUmVND5MGO4hBs4MoufG9cM-BFxCCpWGCUNKnEDQnEDKsHDKTHD1nHbYPHNdnH9zn1nLn1DkP1cKP97Jpy7ZuHCkg1cdnjTKnED1nHcvuHTdPBYYuHn3sHEdn1cVmWIbPidhnHFhn1DOPHnvrjcKnHnQrHEdPHNQrjnzPWTkrH9dP9DQn1DOPjNdPHD3nW0QPj91rHTYTEDKTEDKsEDKTy6YIZK1rBtf0LC8XMN8myOJIyV-shPfUiqhmyOMXgR6UBqknHDf5vuzUvdx0ZFGmvNqnauYUdqk0h-WuHYzPHTkTEDQPa3QnH98nHEksWDvrEDkTHTKTHD_nHDKXLYKnHTkPHEKnHTknWnznkDvrH-hnjbOPzdhmhndsHEvmyNVrAF6PBYznARWmW-WmywhPAcKTHEKTED1THE_nH9QnikQrjEQTHDKUMR_UTDLn19QmHDznH9kujbOPjEY&lego_tid=699f0997-fbc5-46ae-8ba6-20ecb9cadf4b,南山,"(500.0, 1000.0]",True
南山区西丽 大型社区式公寓直租 单间鸺龤龤起 复式龒驋龤龤起,900,1室0厅1卫,15平方米,朝南,中层(共8层),精装修,公寓,文光村 (南山西丽),True,True,"冰箱,洗衣机,热水器,宽带,沙发,油烟机,可做饭,电视,空调,衣柜,床,卫生间,智能门锁,阳台,暖气,",https://sz.zu.anjuke.com/fangyuan/1374139291033600?isauction=6&shangquan_id=1841&legoFeeUrl=https%3A%2F%2Flegoclick.58.com%2Fjump%3Ftarget%3DpZwY0ZnlsztdraOWUvYKuadBPWNQmhDQmBYOn1nQsHE3myDVryNYnzdhm1mvmvnQrA7bP1TKP101rH9dPTDKnHnLPjD1rHcOnHT1n1mknTDkTHDknTDQsjDkTHEKnHmkn1E1PHE3nW0OnkDYPkZ-oCM-_mg-oJsMfpeGCUmVND5MGO4hBs4MoufG9cM-BFxCCpWGCUNKnEDQnEDKsHDKTHD1nH9kPH9krHcYrjcdn1bdnWTKP97Jpy7ZuHCkg1cdnjTKnED1mhc1P1EYniY3njF-sHELuhNVryELPBYQn19dujbdPvnknhnKnHnQrjTdrjTOnWNLPj9QnjDQn9DQn1D3njN3njbzPHDvnjb1rHNzTEDKTEDKsEDKTy6YIZK1rBtf0LC8XMN8myOJIyV-shPfUiqhmyOMXgR6UBqknHDf5vuzUvdx0ZFGmvNqnauYUdqk0h-WuHYzPHTkTEDQPa3QnH98nHEksWDvrEDkTHTKTHD_nHDKXLYKnHTkPHEKnHTknWnznkD3PWDLnhmQuid6uWRbsHEvuH0Vrj--PaYOn10OnvDduWPbnHTKTHEKTED1THE_nH9QnikQrjEQTHDKUMR_UTDvmWFhrAmzPHDQPhPhmyNO&lego_tid=86172f1e-af5d-46e7-89e4-93793a5f3d10,南山,"(500.0, 1000.0]",True
急租！ 电梯房 精装修 网红公寓 大单间 安全可靠,1380,1室0厅1卫,38平方米,东南,中层(共10层),精装修,普通住宅,福海信息港 (宝安福永),True,True,"冰箱,洗衣机,热水器,宽带,沙发,油烟机,可做饭,电视,空调,衣柜,床,卫生间,智能门锁,阳台,暖气,",https://sz.zu.anjuke.com/fangyuan/1692409023618048?isauction=2&shangquan_id=6154&legoFeeUrl=https%3A%2F%2Flegoclick.58.com%2Fjump%3Ftarget%3DpZwY0ZnlsztdraOWUvYKuaYvm1mOPvDOnBYYnWnQsHE3nHbVrHn1naY3mW-6ujmzn17BuH0KPHDdrHndrjcQPHbvn10KTHDvrHcYnjbknWnvnH9kPj9KrjEknTD3PjTkTHD_nHTKPTDQPWT1PjndPHnznWbzTHDOTNujsRKjsN72izLMGO4hBstVOlvUlmaFOmBgl2AClpAdTHDKnHcKTiYQTEDQn1DOPjmdn1cdP191nHmvrH0vTHmKph-6wvNln7tzPHTkTHDKPjDkujcQnWNVm1NzPaYYP19zsycLm1bVuH91uyc1nhckPAnLTHD1nHbYPWN1nWmOP1TQPHNknjbKnHnQrHEvPHnzPW9LP19LPWczPTDKTEDKTiYKTE7CIZwk01CfsLPlsMGdsh78pMRouiOWUvYfuh78uL-dmy3f0jDzs1qh0hqVgLKzpyP-5HThIAqx0ZFGmvNqnWNknTDKnHE8nHD3sWDYna3QPWbKnTDkTEDQsjDQTgVqTHDknjnvTHDknjDvPWNKnhN1nHN1nyDVuHmLmBYYrywBsycdPjcVnWN1PvF-PHDdmWEdTEDYTEDKnTDYsjD3nHc_PWDdPTDQTyOdUAkKnhPhnjPWn16-uyP-rARbn9&lego_tid=2e31531a-e67b-49db-b542-2537be515b45,宝安,"(1000.0, 1500.0]",True
石岩上屋地铁口上屋小学田心新村园岭村田心幼儿园为民学校家电齐,1280,1室1厅1卫,35平方米,东南,中层(共14层),精装修,公寓,石岩公馆 (宝安石岩),True,True,"冰箱,洗衣机,热水器,宽带,沙发,油烟机,燃气灶,可做饭,电视,空调,衣柜,床,卫生间,智能门锁,阳台,暖气,",https://sz.zu.anjuke.com/fangyuan/1703709946387457?isauction=2&shangquan_id=6156&legoFeeUrl=https%3A%2F%2Flegoclick.58.com%2Fjump%3Ftarget%3DpZwY0ZnlsztdraOWUvYKuaYvm1mOPvDOnBYYnWnQsHE3nHbVrHn1naY3mW-6ujmzn17BuH0KPWc3n10On19OPHDYn1TKTHDLnjnLnjbOPjm1rj0YPH0KnHcknjTKnHcknjTKnikQnTDYTHDvnjnYn1Ndn1czrHEKPjEKwbnVNDnVENGssXXMMSpcfzLMoufG9cM-BFxCCpWGCUNKnEDQn9DKsHDKTHD1nHbYrjEYPjmdrj0YrHEYnjTKP97Jpy7ZuHCkg1cdnjTKnEDduhcdPWF6PadBrAwbsHEvrHbVmhDduaYdnAFbuW7WmHmQP1TKnHnQrHE3PjEYPW0krHDzrHcQP9DQn1DOPj9YPjEvPWn1PWnQP1EYTEDKTEDKsEDKTy6YIZK1rBtf0LC8XMN8myOJIyV-shPfUiqhmyOMXgR6UBqknHcf5vuzUvdx0ZFGmvNqnauYUdqk0h-WuHYzPHTkTEDQPa3QnH98nHEksWDvrEDkTHTKTHD_nHDKXLYKnHTkn1mKnHTknHmvPEDdmHmYmWKWPBYzmymdsHwhmHDVrj-hPBYvnAu-PhN3uHIbm1bKTHEKTEDkTHE_nH9QnBkvnHNvTHDKUMR_UT7-uAN1PjT1PWD3PHuBuj-b&lego_tid=5a64b0c6-2af5-4fa1-89f6-60fe6e8e7dc9,宝安,"(1000.0, 1500.0]",True
近西丽地铁站 精装公寓房出租 配套齐全拎包入住 单间齤麣麣起,900,1室0厅1卫,14平方米,东南,中层(共8层),精装修,公寓,新围综合楼 (南山西丽),True,True,"洗衣机,热水器,宽带,沙发,空调,衣柜,床,卫生间,暖气,",https://sz.zu.anjuke.com/fangyuan/1240936163975169?isauction=6&shangquan_id=1841&legoFeeUrl=https%3A%2F%2Flegoclick.58.com%2Fjump%3Ftarget%3DpZwY0ZnlsztdraOWUvYKuad6uHFbmHTvPzYLmvDvsHwWn1cVrjDOnBYzrHRbrHmzrHTOnj0KP101rH9dPTDKnHcYnjb1PWDvn1bLPHDvrEDkTHDknTDQsjDkTHEKnHmkn1E1PH0YnHbOPTDznEZ-oCM-_mg-oJsMfpeGCUmVND5MGO4hBs4MoufG9cM-BFxCCpWGCUNKnEDQP9DKsHDKTHD1nH9kPH9kn193PjDdrjDdPW9KP97Jpy7ZuHCkg1cdnjTKnE7hmWcLujD3uadWmHbYsHwhrjmVrH0QmBdBnyFbnHKhmhw-rANKnHnQrjTdrjT1rjb1n19vnjndn9DQn1D3njN3njn3rj0On1nkn1TYTEDKTEDKsEDKTy6YIZK1rBtf0LC8XMN8myOJIyV-shPfUiqhmyOMXgR6UBqknHmf5vuzUvdx0ZFGmvNqnauYUdqk0h-WuHYzPHTkTEDQPa3QnH98nHEksWDvrEDkTHTKTHD_nHDKXLYKnHTkPHEKnHTknWnznkDdmhPWn1NOriY1nHEQsHwbP1mVmW9knzYQuyuBuhR-m16BPvcKTHEKTED1THE_nH9QnikQrjEQTHDKUMR_UT76mhDznANLnvNknWTQmvnd&lego_tid=5bcc3599-3141-4d76-b803-1efbfeec8b7b,南山,"(500.0, 1000.0]",True
西丽地铁口周边 精装复式 单间 拎包入住 免费健身房,950,1室1厅1卫,22平方米,朝南,中层(共6层),精装修,公寓,新围村 (南山西丽),True,True,"冰箱,洗衣机,热水器,宽带,沙发,油烟机,燃气灶,可做饭,电视,空调,衣柜,床,卫生间,智能门锁,阳台,暖气,",https://sz.zu.anjuke.com/fangyuan/1373661012434953?isauction=6&shangquan_id=1841&legoFeeUrl=https%3A%2F%2Flegoclick.58.com%2Fjump%3Ftarget%3DpZwY0ZnlsztdraOWUvYKuad6uHFbmHTvPzYLmvDvsHwWn1cVrjDOnBYzrHRbrHmzrHTOnj0KP1cvPjDYP9DKnHnLn1mvnHTQnWE1PjbdnkDkTHDknTDQsjDkTHEKnHmkn1E1PH0YnHbOPTDzP9Z-oCM-_mg-oJsMfpeGCUmVND5MGO4hBs4MoufG9cM-BFxCCpWGCUNKnEDQP9DKsHDKTHD1nHbYPHNdnH9zn1nLn1DkP1cKP97Jpy7ZuHCkg1cdnjTKnED3nWbLP1NOnad6m10ksHwWryNVmyNYraY3mWc3mvcOmH0LmHcKnHnQrHEdPHNQrjnzPWTkrH9dP9DQn1DOPjNdPHD3nW0QPj91rHTYTEDKTEDKsEDKTy6YIZK1rBtf0LC8XMN8myOJIyV-shPfUiqhmyOMXgR6UBqknHmf5vuzUvdx0ZFGmvNqnauYUdqk0h-WuHYzPHTkTEDQPa3QnH98nHEksWDvrEDkTHTKTHD_nHDKXLYKnHTkPHEKnHTknWnznkDOm1cdnjnLniYOuhNYsHE1n1cVrH7BridbuWEYnjF-rj7buHDKTHEKTED1THE_nH9QnikQrjEQTHDKUMR_UT7hPHP-n193uywhnvu-mvFb&lego_tid=9c250371-9fe4-4332-91b9-df4402e81de1,南山,"(500.0, 1000.0]",True
邻七号线西丽地铁站旁 精装公寓 管理处直租 配套齐全拎包入住,950,1室0厅1卫,14平方米,东南,中层(共6层),精装修,公寓,丽新小区 (南山西丽),True,True,"冰箱,洗衣机,热水器,宽带,沙发,油烟机,可做饭,电视,空调,衣柜,床,卫生间,智能门锁,阳台,暖气,",https://sz.zu.anjuke.com/fangyuan/1392575190328326?isauction=6&shangquan_id=1841&legoFeeUrl=https%3A%2F%2Flegoclick.58.com%2Fjump%3Ftarget%3DpZwY0ZnlsztdraOWUvYKuad6uHFbmHTvPzYLmvDvsHwWn1cVrjDOnBYzrHRbrHmzrHTOnj0KP101rH9dPTDKnHnOnWNLPHDOnjnzrjnzP9DkTHDknTDQsjDkTHEKnHmkn1E1PH0YnHbOPTDzPkZ-oCM-_mg-oJsMfpeGCUmVND5MGO4hBs4MoufG9cM-BFxCCpWGCUNKnEDQP9DKsHDKTHD1nH9kPH9QP1EYnjb3P1NYPH0KP97Jpy7ZuHCkg1cdnjTKnED3nHFWmWmzPidWuHR-sHELuhDVrjnzuadBPjb1rANzPW76uWmKnHnQrjTdrjDLPjNknWDdPjcYnTDQn1D3njN3nH0YPjELPWcYnHbYTEDKTEDKsEDKTy6YIZK1rBtf0LC8XMN8myOJIyV-shPfUiqhmyOMXgR6UBqknHmf5vuzUvdx0ZFGmvNqnauYUdqk0h-WuHYzPHTkTEDQPa3QnH98nHEksWDvrEDkTHTKTHD_nHDKXLYKnHTkPHEKnHTknWnznkDYuWF6rHE1naYduWTQsHwbnvmVmHD3nBdbPjPBnvNkuWNOnHnKTHEKTED1THE_nH9QnikQrjEQTHDKUMR_UTDOmyD3m1DOm1mYuyndnWbL&lego_tid=4f2a9430-5f01-4d3f-a182-d43b3e0f5913,南山,"(500.0, 1000.0]",True
南山区西丽 大型社区式公寓直租 单间齤麣麣起 复式龒龤麣麣起,900,1室0厅1卫,15平方米,朝南,中层(共8层),精装修,公寓,文光村 (南山西丽),True,True,"冰箱,洗衣机,热水器,宽带,沙发,油烟机,可做饭,电视,空调,衣柜,床,卫生间,智能门锁,阳台,暖气,",https://sz.zu.anjuke.com/fangyuan/1374139291033600?isauction=6&shangquan_id=1841&legoFeeUrl=https%3A%2F%2Flegoclick.58.com%2Fjump%3Ftarget%3DpZwY0ZnlsztdraOWUvYKuad6uHFbmHTvPzYLmvDvsHwWn1cVrjDOnBYzrHRbrHmzrHTOnj0KP101rH9dPTDKnHnLPjD1rHcOnHT1n1mknTDkTHDknTDQsjDkTHEKnHmkn1E1PH0YnHbOPEDzrTZ-oCM-_mg-oJsMfpeGCUmVND5MGO4hBs4MoufG9cM-BFxCCpWGCUNKnEDQP9DKsHDKTHD1nH9kPH9krHcYrjcdn1bdnWTKP97Jpy7ZuHCkg1cdnjTKnE7-mWwbuH9dPzYOn191sHE3PWTVrHRWuaYOP1EOPWNzmhczmHcKnHnQrjTdrjTOnWNLPj9QnjDQn9DQn1D3njN3njbzPHDvnjb1rHNzTEDKTEDKsEDKTy6YIZK1rBtf0LC8XMN8myOJIyV-shPfUiqhmyOMXgR6UBqknHmf5vuzUvdx0ZFGmvNqnauYUdqk0h-WuHYzPHTkTEDQPa3QnH98nHEksWDvrEDkTHTKTHD_nHDKXLYKnHTkPHEKnHTknWnznkDkn1FWmWuBmzYznhFWsHELnhnVryDdmzdWP1NOmWnkujwbuAmKTHEKTED1THE_nH9QnikQrjEQTHDKUMR_UT7BmHP6uWK-Pym3rjnkPAwh&lego_tid=032cb6bc-22bc-472c-9a5c-c759b30d4ddf,南山,"(500.0, 1000.0]",True
鑶龤号线地铁口 精美时尚装修青年公寓 家私家电齐全 拎包入,1200,1室0厅1卫,25平方米,朝南,中层(共9层),精装修,公寓,平山村 (南山大学城),True,True,"冰箱,洗衣机,热水器,宽带,沙发,油烟机,燃气灶,可做饭,电视,空调,衣柜,床,卫生间,智能门锁,阳台,暖气,",https://sz.zu.anjuke.com/fangyuan/1395837294027778?isauction=6&shangquan_id=32363&legoFeeUrl=https%3A%2F%2Flegoclick.58.com%2Fjump%3Ftarget%3DpZwY0ZnlsztdraOWUvYKuad6uHFbmHTvPzYLmvDvsHwWn1cVrjDOnBYzrHRbrHmzrHTOnj0KnHTkPWNvn1bvTEDQn1bdrjnLnWbYnjcLP103THTKnHTkTHD_nHTKPTDQPWT1PjndP1EQrHb3THNOTXy8BXyQ6Xy8C8Xqo8h6VBdEESXMMSpcfSXVhShTBXyc-SB6Jrh6VEDQTHDvTEDVnEDKnHnQrj0znjELn1D1rHcvnHEYnTDvTyGGmNI-rWKxnWNknTDQTyP-uWTvm17WsHPBrH0VPAuWuadBmWnzsyF6Pv7BnhEQnHm3PEDQn1D3P1ckPj01nWcLn1EQrjcvTHD1nH9LnWTYP1nQP10knHTQP1mKTEDKTEDVTEDKpZwY0Znlszq1XBOlIiO6UhGdpvN8mvqVsvu6UhIOIy78sLTQPBt4uMFfURqk0h-WuHYkFMwfgLKzpyP-5HcdnjTKTHDYsWDQra3QPjT8nHmOTHTKnTDKnikQnE7exEDQnjTdPTDQnjTzn1c1TyEYuyNkPjE1sHcYmHnVPANQPzdBuHRhsHmznHFBnWFWnvFbnkDKPTDKTHnKPakQrjDQsjnzn1m1THDKUMR_UT7WuW7WPjTdmhwhPHb3rHu-&lego_tid=d4ee0443-24a3-4e17-be5f-6212b22c3bd3,南山,"(1000.0, 1500.0]",True
鑶閏号线地铁口 精美时尚装修青年公寓 家私家电齐全 拎包入,1200,1室0厅1卫,25平方米,朝南,中层(共9层),精装修,公寓,平山村 (南山大学城),True,True,"冰箱,洗衣机,热水器,宽带,沙发,油烟机,燃气灶,可做饭,电视,空调,衣柜,床,卫生间,智能门锁,阳台,暖气,",https://sz.zu.anjuke.com/fangyuan/1395837294027778?isauction=6&shangquan_id=32363&legoFeeUrl=https%3A%2F%2Flegoclick.58.com%2Fjump%3Ftarget%3DpZwY0ZnlsztdraOWUvYKuaYLnW0zn10kmBYkuHDzsHE3nhDVryc3nzdbPWRWmhDvnhcdrycKnHTkPWNvn1bvTEDQn1bdrjnLnWbYnjcLP103THTKnHTkTHD_nHTKPTDQPWT1PjndP19LPjNzTHcKOplFOUA7OplBOev8lpAvsRKjOlXxOCB4OlvUlmaFOmBgl2AClpAdTHDKnH0KTiYQTEDQn1D3P1ckPj01nHnOnWmQPjEkTHmKph-6wvNln7tzPHTkTHDKmHcdnjbOnyEVuHEkmzYYnjD3sycdPHEVuHPWPhnQmhEYnvFhTHD1nH9LnWTYP1nznW01PjD3nWmKnHnQrj0znjELn1DLP1TQnjDLP9DKTEDKTiYKTE7CIZwk01CfsLPlsMGdsh78pMRouiOWUvYfuh78uL-dmy3f0jDLs1qh0hqVgLKzpyP-5HThIAqx0ZFGmvNqnWNknTDKnHE8nHD3sWDYna3QPWbKnTDkTEDQsjDQTgVqTHDknjNYTHDknjc1nWnKuWmdnWPWmH0VryRbPiYYnWc3syDOrjTVPvczmhNdujw6uyN1TEDYTEDKnkDYsjD3nHD_n1c1PWnKnE78IyQ_TH01mhnLryR-uWFBujP-P1N&lego_tid=f6523ca7-9ed5-4228-a980-7b2be5d4aee3,南山,"(1000.0, 1500.0]",True
众冠红花岭工业南区 驋室龒厅驋卫 驋龒龒龒元月 电梯房,1000,1室0厅1卫,14平方米,朝北,中层(共6层),精装修,公寓,众冠红花岭工业南区 (南山大学城),True,True,"洗衣机,热水器,宽带,可做饭,空调,衣柜,床,卫生间,智能门锁,暖气,",https://sz.zu.anjuke.com/fangyuan/1479477337283594?isauction=6&shangquan_id=32363&legoFeeUrl=https%3A%2F%2Flegoclick.58.com%2Fjump%3Ftarget%3DpZwY0ZnlsztdraOWUvYKuaYLnW0zn10kmBYkuHDzsHE3nhDVryc3nzdbPWRWmhDvnhcdrycKPjNYPWbdP9DKnHELrHELP1n1P1c3n1NOPTDkTHDknTDQsjDkTHEKnHmkn1E1PH03P1EdnkDQPTZ-oCM-_mg-oJsMfpeGCUmVND5MGO4hBs4MoufG9cM-BFxCCpWGCUNKnEDQPkDKsHDKTHD1nHbkrH0knW01PWnkrjm1n1mKP97Jpy7ZuHCkg1cdnjTKnEDQnywbPWckniY3nWTzsHEOnWbVrHm1nid6rynkmWKhn16-m1cKnHnQrHTOP1TzP1EvP1bYrjT1n9DQn1DOnjbLnjcLPjTdnjcOn103TEDKTEDKsEDKTy6YIZK1rBtf0LC8XMN8myOJIyV-shPfUiqhmyOMXgR6UBqknH0f5vuzUvdx0ZFGmvNqnauYUdqk0h-WuHYzPHTkTEDQPa3QnH98nHEksWDvrEDkTHTKTHD_nHDKXLYKnHTkPHEKnHTknWnznk7-PWD1nW6BuBdBPj7bsHEkmWDVrjDzPaYknyDQuWbkrj-BPH0KTHEKTED1THE_nH9Qnik1nWnvnkDQTyOdUAkKuHDYPyNYnjnzmWmvuhF-PT&lego_tid=e61328bf-b41d-40b1-8124-01a1f9089b57,南山,"(500.0, 1000.0]",True
一号线固戍地铁站 源一房一厅 免中介 拎包入住,1280,1室1厅1卫,36平方米,朝东,中层(共21层),精装修,公寓,万象新天(三期) (宝安固戍),True,True,"冰箱,洗衣机,热水器,宽带,沙发,油烟机,燃气灶,电视,空调,衣柜,床,卫生间,智能门锁,阳台,暖气,",https://sz.zu.anjuke.com/fangyuan/1379603904044039?isauction=6&shangquan_id=33272&legoFeeUrl=https%3A%2F%2Flegoclick.58.com%2Fjump%3Ftarget%3DpZwY0ZnlsztdraOWUvYKuaYLnW0zn10kmBYkuHDzsHE3nhDVryc3nzdbPWRWmhDvnhcdrycKnHTQnjcQnW0kTEDQn10OPWT1rHTYnjEYnjnOTHTKnHTkTHD_nHTKPTDQPWT1PjndP19LPjN1THDLTXy8BXyQ6Xy8C8Xqo8h6VBdEESXMMSpcfSXVhShTBXyc-SB6Jrh6VEDQTHDLTEDVnEDKnHnQrj0vPjD1njbOPHc3nHbznTDvTyGGmNI-rWKxnWNknTDQTHwbnhD1ujbvsHTzrjcVPjP6mzdBmWTksyDYrHbQmy7buWTQPTDQn1D3P1mYnHnQnjbdrHEdnWDvTHD1nH9LPWEQn1Dkn1nkn1TvPHmKTEDKTEDVTEDKpZwY0Znlszq1XBOlIiO6UhGdpvN8mvqVsvu6UhIOIy78sLTQPzt4uMFfURqk0h-WuHYkFMwfgLKzpyP-5HcdnjTKTHDYsWDQra3QPjT8nHmOTHTKnTDKnikQnE7exEDQnjTdPTDQnjTzn1c1THTQmW0YnyNLsyFWPvmVPADdniYOn1EdsymQPWFbuHwBnH66rEDKPTDKTHnKPakQrjDzsjn1nW0zTHDKUMR_UTD3Pj9znycvnH7hmH7hmWbQ&lego_tid=01b741e7-bc7f-4a51-9345-f162de4b18a9,宝安,"(1000.0, 1500.0]",True
固戍地铁五百米 电梯公寓 家私齐全 送网 押一付一 拎包入住,800,1室0厅1卫,20平方米,南北,中层(共8层),精装修,公寓,固戍红湾新村 (宝安西乡),True,True,"冰箱,洗衣机,热水器,宽带,沙发,油烟机,可做饭,电视,空调,衣柜,床,卫生间,阳台,",https://sz.zu.anjuke.com/fangyuan/1499407606014986?isauction=6&shangquan_id=6151&legoFeeUrl=https%3A%2F%2Flegoclick.58.com%2Fjump%3Ftarget%3DpZwY0ZnlsztdraOWUvYKuaYLnW0zn10kmBYkuHDzsHE3nhDVryc3nzdbPWRWmhDvnhcdrycKnHTQn1nkPHT3TEDQPjbOPjTLPWTvnjDYrH9vTHTKnHTkTHD_nHTKPTDQPWT1PjndP19LPjN1THcQTXy8BXyQ6Xy8C8Xqo8h6VBdEESXMMSpcfSXVhShTBXyc-SB6Jrh6VEDQTHDLTEDVnEDKnHnQrHEOrHbYrj9vrHcOPWDzrTDvTyGGmNI-rWKxnWNknTDQTHb1m10vmWnzsynYPjEVPjnQraY3rHm3sHbOnhnYm1P-uhR-PTDQn1DOPjbOrHE3rHmOrHNOPjcYTHD1nHbYrHbOPj9OnHDzn1bQPW9KTEDKTEDVTEDKpZwY0Znlszq1XBOlIiO6UhGdpvN8mvqVsvu6UhIOIy78sLTQPzt4uMFfURqk0h-WuHYkFMwfgLKzpyP-5HcdnjTKTHDYsWDQra3QPjT8nHmOTHTKnTDKnikQnE7exEDQnjTdPTDQnjTzn1c1THb1mynkPWubsHEznAmVPjTzmzYOnW9dsHE1uADQmvPWmyn1uTDKPTDKTHnKPakQrjDzsjmQPHDKnE78IyQ_THbdPjcYm1EdujN3nvNQPhm&lego_tid=93ac066d-420f-402c-9285-43da1cccac3d,宝安,"(500.0, 1000.0]",True
西乡碧海湾双地铁 精美复试 独厨独卫，家私家电齐全，有停车位,1450,1室1厅1卫,26平方米,南北,中层(共8层),精装修,普通住宅,银田新村 (宝安西乡),True,True,"冰箱,洗衣机,热水器,宽带,沙发,油烟机,燃气灶,可做饭,电视,空调,衣柜,床,卫生间,智能门锁,阳台,暖气,",https://sz.zu.anjuke.com/fangyuan/1473575638703110?isauction=6&shangquan_id=6151&legoFeeUrl=https%3A%2F%2Flegoclick.58.com%2Fjump%3Ftarget%3DpZwY0ZnlsztdraOWUvYKuaYLnW0zn10kmBYkuHDzsHE3nhDVryc3nzdbPWRWmhDvnhcdrycKnHTQnjDkPWNdTEDQPj01PH0dPWn3P1T1nHDkTHTKnHTkTHD_nHTKPTDQPWT1PjndP19LPjN1THcYTXy8BXyQ6Xy8C8Xqo8h6VBdEESXMMSpcfSXVhShTBXyc-SB6Jrh6VEDQTHDLTEDVnEDKnHnQrHcvP1EzP19zrHDvnHb3PTDvTyGGmNI-rWKxnWNknTDQTHn3mW0znjKWsHNLmHTVPADYmiYOmHT1sHIBmWcdnj93njNdn9DQn1DOnWmLPjc3njTQnHc3PjE3THD1nHbzPW0YnW0OPjmvnjmdrHcKTEDKTEDVTEDKpZwY0Znlszq1XBOlIiO6UhGdpvN8mvqVsvu6UhIOIy78sLTQPzt4uMFfURqk0h-WuHYkFMwfgLKzpyP-5HcdnjTKTHDYsWDQra3QPjT8nHmOTHTKnTDKnikQnE7exEDQnjTdPTDQnjTzn1c1THc1mhNLrH-hsym1nvmVPjK-raY3rjRhsyc1mHwWnj6bmhPWmkDKPTDKTHnKPakQrjDzsjmQPHDKnE78IyQ_THm3uAu-myPhrAD3mHNkPyE&lego_tid=23be799f-f33f-40e8-885f-b3a4c08dbccc,宝安,"(1000.0, 1500.0]",True
真实图实价 华丽飘窗loft 超高挑高楼层可站立  安全舒适,850,1室1厅1卫,14.9平方米,东南,中层(共9层),精装修,公寓,西丽城市公寓 (南山西丽),True,True,"冰箱,洗衣机,热水器,宽带,沙发,油烟机,燃气灶,可做饭,电视,空调,衣柜,床,卫生间,智能门锁,阳台,暖气,",https://sz.zu.anjuke.com/fangyuan/1491445544838155?isauction=6&shangquan_id=1841&legoFeeUrl=https%3A%2F%2Flegoclick.58.com%2Fjump%3Ftarget%3DpZwY0ZnlsztdraOWUvYKuaYLnW0zn10kmBYkuHDzsHE3nhDVryc3nzdbPWRWmhDvnhcdrycKP1DLnjNvPEDKnHEOnHEYPHNYPj91rjDdPEDkTHDknTDQsjDkTHEKnHmkn1E1PH03P1EdPTD1n9Z-oCM-_mg-oJsMfpeGCUmVND5MGO4hBs4MoufG9cM-BFxCCpWGCUNKnEDQPkDKsHDKTHD1nH9OPHcYrHnvnWmOPH03nWEKP97Jpy7ZuHCkg1cdnjTKnEDOP1ubPhmdPiYQPjKhsHwhuj9Vrjn1raYdmH--nvu6rARbPHmKnHnQrjbdnWEOn10QrHc1nWNQn9DQn1D3rHNzPjb1PWm3rHTkrjmYTEDKTEDKsEDKTy6YIZK1rBtf0LC8XMN8myOJIyV-shPfUiqhmyOMXgR6UBqknH0f5vuzUvdx0ZFGmvNqnauYUdqk0h-WuHYzPHTkTEDQPa3QnH98nHEksWDvrEDkTHTKTHD_nHDKXLYKnHTkPHEKnHTknWnznkDvmHbzP1cznBdWPWndsHwhrH9VmWw-mBdhPHNOmyD1uj93PWTKTHEKTED1THE_nH9QnikQrjEQTHDKUMR_UTDQnWnvuAczuHTYmvnYnW-W&lego_tid=6a927222-c635-4f98-b4eb-f559aa3d8860,南山,"(500.0, 1000.0]",True
近西丽地铁站旁 公寓管理处直租 免中间费 配套齐全 拎包入住,900,1室0厅1卫,18平方米,东南,中层(共8层),精装修,公寓,丽苑一村 (南山西丽),True,True,"洗衣机,热水器,宽带,可做饭,空调,衣柜,床,卫生间,智能门锁,暖气,",https://sz.zu.anjuke.com/fangyuan/1372359668851716?isauction=6&shangquan_id=1841&legoFeeUrl=https%3A%2F%2Flegoclick.58.com%2Fjump%3Ftarget%3DpZwY0ZnlsztdraOWUvYKuaYLnW0zn10kmBYkuHDzsHE3nhDVryc3nzdbPWRWmhDvnhcdrycKP101rH9dPTDKnHnLnWndrHmvrj9dnH0QP9DkTHDknTDQsjDkTHEKnHmkn1E1PH03P1EdPTD1nkZ-oCM-_mg-oJsMfpeGCUmVND5MGO4hBs4MoufG9cM-BFxCCpWGCUNKnEDQPkDKsHDKTHD1nH9kPH93n10OnW03njT3n1cKP97Jpy7ZuHCkg1cdnjTKnE7hnHTLn1nYmiY1njmvsHw6uHDVrymdmidBuAmOuhDdujnvPADKnHnQrjTdrj91rjTzPjcvPH0zrEDQn1D3njN3rjnLrHmdPHEOPHm3TEDKTEDKsEDKTy6YIZK1rBtf0LC8XMN8myOJIyV-shPfUiqhmyOMXgR6UBqknH0f5vuzUvdx0ZFGmvNqnauYUdqk0h-WuHYzPHTkTEDQPa3QnH98nHEksWDvrEDkTHTKTHD_nHDKXLYKnHTkPHEKnHTknWnznkDLnjmLmWTdriYdrHTOsHEkuyNVmHN1mzYOPvw-Py7-nHNOP1bKTHEKTED1THE_nH9QnikQrjEQTHDKUMR_UTD1uWbYmhwWmWTkny7buWw6&lego_tid=7067b059-5909-40ee-a53c-97de5ae15979,南山,"(500.0, 1000.0]",True
"（免租龤个月）近驋,鸺号线地铁 公交直达科技园，世界之窗",1500,1室0厅1卫,14平方米,朝南,高层(共7层),精装修,公寓,西丽城市公寓 (南山西丽),True,True,"冰箱,洗衣机,热水器,宽带,沙发,油烟机,燃气灶,可做饭,电视,空调,衣柜,床,卫生间,智能门锁,阳台,暖气,",https://sz.zu.anjuke.com/fangyuan/1387746969707525?isauction=6&shangquan_id=1841&legoFeeUrl=https%3A%2F%2Flegoclick.58.com%2Fjump%3Ftarget%3DpZwY0ZnlsztdraOWUvYKuaYLnW0zn10kmBYkuHDzsHE3nhDVryc3nzdbPWRWmhDvnhcdrycKP1cvPjDYP9DKnHn3P10YPWbvrH0kP1NzPEDkTHDknTDQsjDkTHEKnHmkn1E1PH03P1EdPTD1PEZ-oCM-_mg-oJsMfpeGCUmVND5MGO4hBs4MoufG9cM-BFxCCpWGCUNKnEDQPkDKsHDKTHD1nHbYPHNzn1mLP1bQPHNYPHmKP97Jpy7ZuHCkg1cdnjTKnE7bmy7hmvDvnadBrycksHw6nhnVrjDLPBYOnhRWPjRWnyc3uANKnHnQrHEdPHc1PW9LnHE1njDYPTDQn1DOPjNdnWnvrjDvrHT3nW93TEDKTEDKsEDKTy6YIZK1rBtf0LC8XMN8myOJIyV-shPfUiqhmyOMXgR6UBqknH0f5vuzUvdx0ZFGmvNqnauYUdqk0h-WuHYzPHTkTEDQPa3QnH98nHEksWDvrEDkTHTKTHD_nHDKXLYKnHTkPHEKnHTknWnznkDLrAmvuH7hmzYdPh7WsHEvnvcVrADvPiY3PWNkrH-hPWwbnHmKTHEKTED1THE_nH9QnikQrjEQTHDKUMR_UTDOnAc1n1EvPAw6mHbLuAc1&lego_tid=78f6e1fc-56ac-463b-8a65-865099f64d16,南山,"(1000.0, 1500.0]",True
西丽 单间 家私家电全拎包入住 有阳台有厨房 温馨舒适,980,1室0厅1卫,14.5平方米,朝南,中层(共9层),精装修,公寓,西丽九祥岭 (南山西丽),True,True,"冰箱,洗衣机,热水器,宽带,沙发,油烟机,燃气灶,可做饭,电视,空调,衣柜,床,卫生间,智能门锁,阳台,暖气,",https://sz.zu.anjuke.com/fangyuan/1277015548370957?isauction=6&shangquan_id=1841&legoFeeUrl=https%3A%2F%2Flegoclick.58.com%2Fjump%3Ftarget%3DpZwY0ZnlsztdraOWUvYKuadhmHFWnWcdPzYOPWIWsHwWP1TVmWn3nzYLm1DzuHbvn1mLrHcKnHTkPWNvn1bvTEDQnW0LnjDdPHE3n10krHNLTHTKnHTkTHD_nHTKPTDQPWT1PjndrjnQrjnLTHEzTXy8BXyQ6Xy8C8Xqo8h6VBdEESXMMSpcfSXVhShTBXyc-SB6Jrh6VEDQTHD3TEDVnEDKnHnQrj0znjmLrjEknjDkPWEOP9DvTyGGmNI-rWKxnWNknTDQTHm1P1mdPvFhsymkrH9VPjTdmzd6PAczsHTkPym1uHK-uANvn9DQn1D3P1ckPW03Pj0OrjTzn1m3THD1nH9LnWTvP19Yn1nvPWTOnW9KTEDKTEDVTEDKpZwY0Znlszq1XBOlIiO6UhGdpvN8mvqVsvu6UhIOIy78sLTQrat4uMFfURqk0h-WuHYkFMwfgLKzpyP-5HcdnjTKTHDYsWDQra3QPjT8nHmOTHTKnTDKnikQnE7exEDQnjTdPTDQnjTzn1c1Tyn1PW9QPANLsyR-nj9VPjEvuBY3mH-6sywWnW9vuyc1uywbm9DKPTDKTHnKPakQrjDQsjD3PjDKnE78IyQ_TyR-rjP-njcYnAF6mWndPHD&lego_tid=c36814e7-ee08-446f-8a9a-dc286eb3eddb,南山,"(500.0, 1000.0]",True
南山西丽泰寓大磡分店 现特技出租 五号线 七号线 阳台停车位,800,1室0厅1卫,13平方米,南北,中层(共8层),精装修,公寓,九祥岭综合楼 (南山西丽),True,True,"冰箱,洗衣机,热水器,宽带,沙发,油烟机,燃气灶,可做饭,空调,衣柜,床,卫生间,阳台,暖气,",https://sz.zu.anjuke.com/fangyuan/1591730807840776?isauction=6&shangquan_id=1841&legoFeeUrl=https%3A%2F%2Flegoclick.58.com%2Fjump%3Ftarget%3DpZwY0ZnlsztdraOWUvYKuadhmHFWnWcdPzYOPWIWsHwWP1TVmWn3nzYLm1DzuHbvn1mLrHcKP1NYnWT1PEDKnHNOnH01nj9kP19Ynj0LP9DkTHDknTDQsjDkTHEKnHmkn1E1PH91nH91rTDdnkZ-oCM-_mg-oJsMfpeGCUmVND5MGO4hBs4MoufG9cM-BFxCCpWGCUNKnEDQrTDKsHDKTHD1nHbdnHcOPHbkrjEYnj93n1cKP97Jpy7ZuHCkg1cdnjTKnE76uhEkmWmknidbrH7bsHwBmW0VmhFBmzYQnjR6rjEvPWb3rHEKnHnQrHNQnWbdrHcLP1nYPW9QP9DQn1DOPHDzrHNOnWnQnWTdn10vTEDKTEDKsEDKTy6YIZK1rBtf0LC8XMN8myOJIyV-shPfUiqhmyOMXgR6UBqknH9f5vuzUvdx0ZFGmvNqnauYUdqk0h-WuHYzPHTkTEDQPa3QnH98nHEksWDvrEDkTHTKTHD_nHDKXLYKnHTkPHEKnHTknWnznkDknj-bPvEduaYznjDvsHEvPHDVmyPWraYOuWDknW0kmhuBmWNKTHEKTED1THE_nH9QnikQrjEQTHDKUMR_UTDOnWI6PHFhrjw6rAcLnj-b&lego_tid=009d7d5d-2016-4651-acc8-9f10270bfbb5,南山,"(500.0, 1000.0]",True
青年公寓  直租 家私家电全拎包入住 有阳台有厨房 温馨舒适,980,1室0厅1卫,14平方米,朝南,中层(共8层),精装修,公寓,西丽九祥岭 (南山西丽),True,True,"冰箱,洗衣机,热水器,宽带,沙发,油烟机,燃气灶,可做饭,电视,空调,衣柜,床,卫生间,智能门锁,阳台,暖气,",https://sz.zu.anjuke.com/fangyuan/1366376685691912?isauction=6&shangquan_id=1841&legoFeeUrl=https%3A%2F%2Flegoclick.58.com%2Fjump%3Ftarget%3DpZwY0ZnlsztdraOWUvYKuaY1n19duW7WPiYYPhP6sHEkm10VmHD3miYvP1nYmvw6PyN3ujTKnHTkPWNvn1bvTEDQn1mvn10vPW9dPWbQrHDzTHTKnHTkTHD_nHTKPTDQPWT1Pjndrj0LP1bvTHnKOplFOUA7OplBOev8lpAvsRKjOlXxOCB4OlvUlmaFOmBgl2AClpAdTHDKnHbKTiYQTEDQn1D3P1cknW9znHD1rj0drHm3THmKph-6wvNln7tzPHTkTHDKuH0OPAmdrAmVnhcvriYYnyFWsH-hmhEVrHbOP1IWnH6bPWEvTHD1nH9LnWTzrjcznHEdn1bzPWEKnHnQrj0znjc3nWDvnjTQn1nQn9DKTEDKTiYKTE7CIZwk01CfsLPlsMGdsh78pMRouiOWUvYfuh78uL-dmy3f0jDOs1qh0hqVgLKzpyP-5HThIAqx0ZFGmvNqnWNknTDKnHE8nHD3sWDYna3QPWbKnTDkTEDQsjDQTgVqTHDknjNYTHDknjc1nWnKujDQnWnQmWEVmWEOraYYn1IbsHbLPHcVrHDduHwbn193uWn3TEDYTEDKnkDYsjD3nHD_nH9YnEDQTyOdUAkKPWbLPH9kPAuWPjELn1KBPT&lego_tid=d11231b4-b498-437d-9752-915e4d388f38,南山,"(500.0, 1000.0]",True
"餼,龥号线周边房源 多种户型可选 复式麣麣齤龒起租",980,1室0厅1卫,14平方米,朝南,中层(共8层),精装修,公寓,西丽九祥岭 (南山西丽),True,True,"冰箱,洗衣机,热水器,宽带,沙发,油烟机,燃气灶,可做饭,电视,空调,衣柜,床,卫生间,智能门锁,阳台,暖气,",https://sz.zu.anjuke.com/fangyuan/1367772416531463?isauction=6&shangquan_id=1841&legoFeeUrl=https%3A%2F%2Flegoclick.58.com%2Fjump%3Ftarget%3DpZwY0ZnlsztdraOWUvYKuaY1n19duW7WPiYYPhP6sHEkm10VmHD3miYvP1nYmvw6PyN3ujTKP1cvPjDYP9DKnHnvP10LnWEQPWN1nHEvnkDkTHDknTDQsjDkTHEKnHmkn1E1PH9LP10OPkDQP9Z-oCM-_mg-oJsMfpeGCUmVND5MGO4hBs4MoufG9cM-BFxCCpWGCUNKnEDQrEDKsHDKTHD1nHbYPH0dnWTdrH9vPHbkP1nKP97Jpy7ZuHCkg1cdnjTKnE7Wuj9dmWcQriYzrHnzsHE1nW0VmWNOnBYQnyckuyPBPvRBPH0KnHnQrHEdP1NznjmOrHnQrjcLn9DQn1DOPjNLPHckPWEYP1bzn1ckTEDKTEDKsEDKTy6YIZK1rBtf0LC8XMN8myOJIyV-shPfUiqhmyOMXgR6UBqknHbf5vuzUvdx0ZFGmvNqnauYUdqk0h-WuHYzPHTkTEDQPa3QnH98nHEksWDvrEDkTHTKTHD_nHDKXLYKnHTkPHEKnHTknWnznkD3nW--Pvn1mBYYPyFhsHwbPhnVmW7-PaYLnvnYnjmzrjR-nhmKTHEKTED1THE_nH9QnikQrjEQTHDKUMR_UT7brjbkuHNdnjn1rywWPycv&lego_tid=829e7c3b-45bf-4d6c-b1e4-73c406285e2f,南山,"(500.0, 1000.0]",True
南山西丽 泰寓大磡分店公寓特价直租无中介 五号线七号线 租房,800,1室0厅1卫,12平方米,南北,共5层,精装修,公寓,九祥岭西区 (南山西丽),True,True,"冰箱,洗衣机,热水器,宽带,沙发,可做饭,空调,衣柜,床,卫生间,智能门锁,阳台,暖气,",https://sz.zu.anjuke.com/fangyuan/1591730101477388?isauction=6&shangquan_id=1841&legoFeeUrl=https%3A%2F%2Flegoclick.58.com%2Fjump%3Ftarget%3DpZwY0ZnlsztdraOWUvYKuaY1n19duW7WPiYYPhP6sHEkm10VmHD3miYvP1nYmvw6PyN3ujTKP1NYnWT1PEDKnHNOnH01njDknHELP1n3rTDkTHDknTDQsjDkTHEKnHmkn1E1PH9LP10OPkDzPTZ-oCM-_mg-oJsMfpeGCUmVND5MGO4hBs4MoufG9cM-BFxCCpWGCUNKnEDQrEDKsHDKTHD1nHbdnHc3P1b3PH9znjTdP1mKP97Jpy7ZuHCkg1cdnjTKnE7WPWmznHNQnaYzrjDQsHwBnyDVmWwhPzY3P10kujNYuHNzPj0KnHnQrHNQnW93njT3njEOrjm3rTDQn1DOPHDzrj9knjcdrHm3PWEkTEDKTEDKsEDKTy6YIZK1rBtf0LC8XMN8myOJIyV-shPfUiqhmyOMXgR6UBqknHbf5vuzUvdx0ZFGmvNqnauYUdqk0h-WuHYzPHTkTEDQPa3QnH98nHEksWDvrEDkTHTKTHD_nHDKXLYKnHTkPHEKnHTknWnznkDzuHF-P1nOraYYrANOsHwhPvDVrj93uidbnADYrAcvPhwbmvmKTHEKTED1THE_nH9QnikQrjEQTHDKUMR_UTDdujPhPjw6uWKbPywbmH0O&lego_tid=2e2e7398-48e9-4f7a-888e-d0a48b66ddcf,南山,"(500.0, 1000.0]",True
南山西丽泰寓大磡分店 现特技出租 五号线 七号线 阳台停车位,800,1室0厅1卫,13平方米,南北,中层(共8层),精装修,公寓,九祥岭综合楼 (南山西丽),True,True,"冰箱,洗衣机,热水器,宽带,沙发,油烟机,燃气灶,可做饭,空调,衣柜,床,卫生间,阳台,暖气,",https://sz.zu.anjuke.com/fangyuan/1591730807840776?isauction=6&shangquan_id=1841&legoFeeUrl=https%3A%2F%2Flegoclick.58.com%2Fjump%3Ftarget%3DpZwY0ZnlsztdraOWUvYKuaY1n19duW7WPiYYPhP6sHEkm10VmHD3miYvP1nYmvw6PyN3ujTKP1NYnWT1PEDKnHNOnH01nj9kP19Ynj0LP9DkTHDknTDQsjDkTHEKnHmkn1E1PH9LP10OrEDdPTZ-oCM-_mg-oJsMfpeGCUmVND5MGO4hBs4MoufG9cM-BFxCCpWGCUNKnEDQrEDKsHDKTHD1nHbdnHcOPHbkrjEYnj93n1cKP97Jpy7ZuHCkg1cdnjTKnEDQrjDQuHbznadWnAE3sHw-rAmVmHRWnadWPvFbmvFBrymdmWEKnHnQrHNQnWbdrHcLP1nYPW9QP9DQn1DOPHDzrHNOnWnQnWTdn10vTEDKTEDKsEDKTy6YIZK1rBtf0LC8XMN8myOJIyV-shPfUiqhmyOMXgR6UBqknHbf5vuzUvdx0ZFGmvNqnauYUdqk0h-WuHYzPHTkTEDQPa3QnH98nHEksWDvrEDkTHTKTHD_nHDKXLYKnHTkPHEKnHTknWnznkD3rj-WPHDkniYvmyuWsHEknjEVmyNLPzYYnhFWmyn3P1IbmvmKTHEKTED1THE_nH9QnikQrjEQTHDKUMR_UTDOmHIBnHFWnhEQnyNvmWI-&lego_tid=889c5101-6afc-4004-ae77-42bcac877dcf,南山,"(500.0, 1000.0]",True
青年公寓  直租 家私家电全拎包入住 有阳台有厨房 温馨舒适,980,1室0厅1卫,14平方米,朝南,中层(共8层),精装修,公寓,西丽九祥岭 (南山西丽),True,True,"冰箱,洗衣机,热水器,宽带,沙发,油烟机,燃气灶,可做饭,电视,空调,衣柜,床,卫生间,智能门锁,阳台,暖气,",https://sz.zu.anjuke.com/fangyuan/1366376685691912?isauction=6&shangquan_id=1841&legoFeeUrl=https%3A%2F%2Flegoclick.58.com%2Fjump%3Ftarget%3DpZwY0ZnlsztdraOWUvYKuaYvnvFbrHNzradhP1wWsHE1mWnVmyNQPzYzuHNduj66Pj-BrymKnHTkPWNvn1bvTEDQn1mvn10vPW9dPWbQrHDzTHTKnHTkTHD_nHTKPTDQPWT1PjndrHc1Pj0vTHcKOplFOUA7OplBOev8lpAvsRKjOlXxOCB4OlvUlmaFOmBgl2AClpAdTHDKnWTKTiYQTEDQn1D3P1cknW9znHD1rj0drHm3THmKph-6wvNln7tzPHTkTHDKnARhPj9QPWcVPvcvPiYYmWDOsH66myEVujmOmyNYmWFbPyN1THD1nH9LnWTzrjcznHEdn1bzPWEKnHnQrj0znjc3nWDvnjTQn1nQn9DKTEDKTiYKTE7CIZwk01CfsLPlsMGdsh78pMRouiOWUvYfuh78uL-dmy3f0jcks1qh0hqVgLKzpyP-5HThIAqx0ZFGmvNqnWNknTDKnHE8nHD3sWDYna3QPWbKnTDkTEDQsjDQTgVqTHDknjNYTHDknjc1nWnKrH9vnjEkrANVPhRBPzYYuHKbsHbvmvmVPAFWmWF6rjw6rHN3TEDYTEDKnkDYsjD3nHD_nH9YnEDQTyOdUAkKPhFbmyELuW-WuhFbujnzm9&lego_tid=9860408e-6eb7-4e0d-96cf-4bcb2a84a958,南山,"(500.0, 1000.0]",True
南山西丽 泰寓大磡分店公寓特价直租无中介 五号线七号线 租房,800,1室0厅1卫,12平方米,南北,共5层,精装修,公寓,九祥岭西区 (南山西丽),True,True,"冰箱,洗衣机,热水器,宽带,沙发,可做饭,空调,衣柜,床,卫生间,智能门锁,阳台,暖气,",https://sz.zu.anjuke.com/fangyuan/1591730101477388?isauction=6&shangquan_id=1841&legoFeeUrl=https%3A%2F%2Flegoclick.58.com%2Fjump%3Ftarget%3DpZwY0ZnlsztdraOWUvYKuaYvnvFbrHNzradhP1wWsHE1mWnVmyNQPzYzuHNduj66Pj-BrymKP1NYnWT1PEDKnHNOnH01njDknHELP1n3rTDkTHDknTDQsjDkTHEKnHmkn1E1PHbzn1ELPkDQnTZ-oCM-_mg-oJsMfpeGCUmVND5MGO4hBs4MoufG9cM-BFxCCpWGCUNKnEDznTDKsHDKTHD1nHbdnHc3P1b3PH9znjTdP1mKP97Jpy7ZuHCkg1cdnjTKnE7bnW66rjELnBYvPWIbsHE3mvnVrjndPidBnjP6rH-hPjD3ujnKnHnQrHNQnW93njT3njEOrjm3rTDQn1DOPHDzrj9knjcdrHm3PWEkTEDKTEDKsEDKTy6YIZK1rBtf0LC8XMN8myOJIyV-shPfUiqhmyOMXgR6UBqknWTf5vuzUvdx0ZFGmvNqnauYUdqk0h-WuHYzPHTkTEDQPa3QnH98nHEksWDvrEDkTHTKTHD_nHDKXLYKnHTkPHEKnHTknWnznk7Wm1NQnAuhniYvnHcdsHwbnAmVmyNzuaYznynLPHTzrjEknHTKTHEKTED1THE_nH9QnikQrjEQTHDKUMR_UT7BnAwWPWDvuyPBuH-bnWcd&lego_tid=cc510ff1-6125-4d0f-ae2d-21c750284010,南山,"(500.0, 1000.0]",True
免中介 近地铁站 阳光充足 随时看随时住 带家私 拎包入住,900,1室0厅1卫,20平方米,南北,低层(共15层),精装修,公寓,新南村 (南山南山中心区),True,True,"冰箱,洗衣机,热水器,宽带,沙发,油烟机,燃气灶,可做饭,电视,空调,衣柜,床,卫生间,智能门锁,阳台,暖气,",https://sz.zu.anjuke.com/fangyuan/1676566256050185?isauction=6&shangquan_id=11994&legoFeeUrl=https%3A%2F%2Flegoclick.58.com%2Fjump%3Ftarget%3DpZwY0ZnlsztdraOWUvYKuaYvnvFbrHNzradhP1wWsHE1mWnVmyNQPzYzuHNduj66Pj-BrymKnWTknW9zrjcOTEDQPW0vPHmvnWNvnjNknH9dTHTKnHTkTHD_nHTKPTDQPWT1PjndrHc1Pj0LTHD1TXy8BXyQ6Xy8C8Xqo8h6VBdEESXMMSpcfSXVhShTBXyc-SB6Jrh6VEDQTHckTEDVnEDKnHnQrHnzrHEQn1ELnWEvnj9knTDvTyGGmNI-rWKxnWNknTDQTHFWuy7Wm1TOsHPbP1TVPAw-Pad6uhn3sHDdPjwWPjR-uWDzmEDQn1DOn1cOPjD1PHmYP1ndPj93THD1nHb1nWbYnHndnHTznjbdn1mKTEDKTEDVTEDKpZwY0Znlszq1XBOlIiO6UhGdpvN8mvqVsvu6UhIOIy78sLTznat4uMFfURqk0h-WuHYkFMwfgLKzpyP-5HcdnjTKTHDYsWDQra3QPjT8nHmOTHTKnTDKnikQnE7exEDQnjTdPTDQnjTzn1c1THR6myDdmWczsy7BP10VPjbvnaY3P1czsHTdP1KWnvEQPvm3uTDKPTDKTHnKPakQrjDQsjDQrHbYTHDKUMR_UTDknjD3PjFhuADvnvDQnWu-&lego_tid=5aaa5b22-ab77-4960-8722-0570c3d17f8d,南山,"(500.0, 1000.0]",True
南山西丽泰寓大磡分店 现特技出租 五号线 七号线 阳台停车位,800,1室0厅1卫,13平方米,南北,中层(共8层),精装修,公寓,九祥岭综合楼 (南山西丽),True,True,"冰箱,洗衣机,热水器,宽带,沙发,油烟机,燃气灶,可做饭,空调,衣柜,床,卫生间,阳台,暖气,",https://sz.zu.anjuke.com/fangyuan/1591730807840776?isauction=6&shangquan_id=1841&legoFeeUrl=https%3A%2F%2Flegoclick.58.com%2Fjump%3Ftarget%3DpZwY0ZnlsztdraOWUvYKuaYvnvFbrHNzradhP1wWsHE1mWnVmyNQPzYzuHNduj66Pj-BrymKP1NYnWT1PEDKnHNOnH01nj9kP19Ynj0LP9DkTHDknTDQsjDkTHEKnHmkn1E1PHbzn1ELrTDzP9Z-oCM-_mg-oJsMfpeGCUmVND5MGO4hBs4MoufG9cM-BFxCCpWGCUNKnEDznTDKsHDKTHD1nHbdnHcOPHbkrjEYnj93n1cKP97Jpy7ZuHCkg1cdnjTKnEDYmHIBnHwBmid-PWF-sHEznyEVmhR-uaYOnHK-uhw-PADLuyEKnHnQrHNQnWbdrHcLP1nYPW9QP9DQn1DOPHDzrHNOnWnQnWTdn10vTEDKTEDKsEDKTy6YIZK1rBtf0LC8XMN8myOJIyV-shPfUiqhmyOMXgR6UBqknWTf5vuzUvdx0ZFGmvNqnauYUdqk0h-WuHYzPHTkTEDQPa3QnH98nHEksWDvrEDkTHTKTHD_nHDKXLYKnHTkPHEKnHTknWnznkDkrH76uW6-PadhrHwBsHwhrHcVrHnOnidhP1ckrH01uyczmHTKTHEKTED1THE_nH9QnikQrjEQTHDKUMR_UT7hrHuWP1DQnyN1njTzPjDz&lego_tid=091af8e4-f94b-4f92-9391-f720973eb2a0,南山,"(500.0, 1000.0]",True
公寓直租 门口公交站直达科技园 精装一房一 家电齐全随时入住,999,1室1厅1卫,38平方米,朝南,中层(共12层),精装修,公寓,九祥岭西区 (南山西丽),True,True,"冰箱,洗衣机,热水器,宽带,沙发,油烟机,燃气灶,可做饭,电视,空调,衣柜,床,卫生间,智能门锁,阳台,暖气,",https://sz.zu.anjuke.com/fangyuan/1645284182318085?isauction=6&shangquan_id=1841&legoFeeUrl=https%3A%2F%2Flegoclick.58.com%2Fjump%3Ftarget%3DpZwY0ZnlsztdraOWUvYKuaYQPAR6nvEvPadhrHn1sHEkryDVrHNdnBYQnvn1nhDvP1NYrynKnHTkn1T1rjN3TEDQPWEdnW9YnH9zn1D3nj9dTHTKnHTkTHD_nHTKPTDQPWT1PjndrHmLrHc3THcKOplFOUA7OplBOev8lpAvsRKjOlXxOCB4OlvUlmaFOmBgl2AClpAdTHDKnWDKTiYQTEDQn1D3rjNdrHb3nWEknWTzP1N1THmKph-6wvNln7tzPHTkTHDKPhwbnHE1rHNVuHIhmiYYPjNOsyD1PyNVuH76rjn1PW6bnvmOTHD1nH93PHNOrH91PjT3PWmkPj9KnHnQrj9dPHbOrjc3PWnYnjTOP9DKTEDKTiYKTE7CIZwk01CfsLPlsMGdsh78pMRouiOWUvYfuh78uL-dmy3f0jcQs1qh0hqVgLKzpyP-5HThIAqx0ZFGmvNqnWNknTDKnHE8nHD3sWDYna3QPWbKnTDkTEDQsjDQTgVqTHDknjNYTHDknjc1nWnKPvcOPHmYrH9Vmyn3mBYYujwbsyDLuAEVn1c1PjD1mHmdmHIWTEDYTEDKnkDYsjD3nHD_nH9YnEDQTyOdUAkKmWIBrjcduyw-njTQnvm3m9&lego_tid=7b956498-ac8b-4d4d-a7dd-323413a65a7c,南山,"(500.0, 1000.0]",True
免中介 近地铁站 阳光充足 随时看随时住 带家私 拎包入住,900,1室0厅1卫,20平方米,南北,低层(共15层),精装修,公寓,新南村 (南山南山中心区),True,True,"冰箱,洗衣机,热水器,宽带,沙发,油烟机,燃气灶,可做饭,电视,空调,衣柜,床,卫生间,智能门锁,阳台,暖气,",https://sz.zu.anjuke.com/fangyuan/1676566256050185?isauction=6&shangquan_id=11994&legoFeeUrl=https%3A%2F%2Flegoclick.58.com%2Fjump%3Ftarget%3DpZwY0ZnlsztdraOWUvYKuaYQPAR6nvEvPadhrHn1sHEkryDVrHNdnBYQnvn1nhDvP1NYrynKnWTknW9zrjcOTEDQPW0vPHmvnWNvnjNknH9dTHTKnHTkTHD_nHTKPTDQPWT1PjndrHmLrHnkTHnkTXy8BXyQ6Xy8C8Xqo8h6VBdEESXMMSpcfSXVhShTBXyc-SB6Jrh6VEDQTHcQTEDVnEDKnHnQrHnzrHEQn1ELnWEvnj9knTDvTyGGmNI-rWKxnWNknTDQTHNYnHEdnjEzsHEdrjcVPjRhnad6uARhsHI6PHbOP1NvPHRBuEDQn1DOn1cOPjD1PHmYP1ndPj93THD1nHb1nWbYnHndnHTznjbdn1mKTEDKTEDVTEDKpZwY0Znlszq1XBOlIiO6UhGdpvN8mvqVsvu6UhIOIy78sLTznit4uMFfURqk0h-WuHYkFMwfgLKzpyP-5HcdnjTKTHDYsWDQra3QPjT8nHmOTHTKnTDKnikQnE7exEDQnjTdPTDQnjTzn1c1TH0vuhnOrAR6sH6bPvNVPjNQuBd6ryPhsHbQPjuWuyubuywWnEDKPTDKTHnKPakQrjDQsjDQrHbYTHDKUMR_UTDLuHw-ry7-nHP-PjDvmyE1&lego_tid=76fc98ea-8d7e-451f-a9cf-9146cefdedc1,南山,"(500.0, 1000.0]",True
深圳租房鑶号线茶光站 精装复式家电齐全 温馨舒适 拎包入住,950,1室0厅1卫,100平方米,东南,中层(共6层),精装修,公寓,石鼓花园 (南山西丽),True,True,"冰箱,洗衣机,热水器,宽带,沙发,油烟机,燃气灶,可做饭,电视,空调,衣柜,床,卫生间,智能门锁,阳台,",https://sz.zu.anjuke.com/fangyuan/1600240844480527?isauction=6&shangquan_id=1841&legoFeeUrl=https%3A%2F%2Flegoclick.58.com%2Fjump%3Ftarget%3DpZwY0ZnlsztdraOWUvYKuaY3mWbdnWwBnBYdPWu-sHw-n1DVmhEkmBYvuWnzujEdn1cOPhcKP1EvrH9OPTDKnHmknjcYnj9YPjE3njNzPkDkTHDknTDQsjDkTHEKnHmkn1E1PWTkrj93P9DQnkZ-oCM-_mg-oJsMfpeGCUmVND5MGO4hBs4MoufG9cM-BFxCCpWGCUNKnEDzn9DKsHDKTHD1nHbdnHNkrjn3nHnOPH0vn1cKP97Jpy7ZuHCkg1cdnjTKnED1njwWPWIhPzYLPvR6sHEzrHbVrHRWmzdWnvDYnWFbujwBm1bKnHnQrHNQPHT3n1bzn1TkPHEYnTDQn1DOPHDdnj91rjmYnW9dnH9YTEDKTEDKsEDKTy6YIZK1rBtf0LC8XMN8myOJIyV-shPfUiqhmyOMXgR6UBqknWcf5vuzUvdx0ZFGmvNqnauYUdqk0h-WuHYzPHTkTEDQPa3QnH98nHEksWDvrEDkTHTKTHD_nHDKXLYKnHTkPHEKnHTknWnznkDOujnLPjbYuaYvmymLsHwhP1EVmWTYmidWmHT3PH01rjmkPAEKTHEKTED1THE_nH9QnikQrjEQTHDKUMR_UTDvuAuhmvDzuhDYmHmYP1cQ&lego_tid=9d37494d-6af7-4f74-b04a-ca085738604d,南山,"(500.0, 1000.0]",True
西丽官龙村地铁口 特价单间出租 采光好 环境安静舒适,699,1室0厅1卫,14平方米,南北,中层(共8层),精装修,公寓,西丽官龙村 (南山西丽),True,True,"冰箱,洗衣机,热水器,宽带,沙发,油烟机,可做饭,电视,空调,衣柜,床,卫生间,智能门锁,阳台,暖气,",https://sz.zu.anjuke.com/fangyuan/1570156923200512?isauction=6&shangquan_id=1841&legoFeeUrl=https%3A%2F%2Flegoclick.58.com%2Fjump%3Ftarget%3DpZwY0ZnlsztdraOWUvYKuaYzm1D3uhw6uBYLPvDdsHw6PhDVryEznaY3nHbvrjmQm1n3Pj0KnHTQPH0dPHEvTEDQPH0knHNvrHc1nWTkPHDzTHTKnHTkTHD_nHTKPTDQPWT1PjnvnjNYnW9LTHNzTXy8BXyQ6Xy8C8Xqo8h6VBdEESXMMSpcfSXVhShTBXyc-SB6Jrh6VEDQTHc1TEDVnEDKnHnQrHDvnHm3PWckPjDknjmkrTDvTyGGmNI-rWKxnWNknTDQTymvrHnknWcQsyDzPHcVPjEkuidBuHDYsynkPvDOrHu-uyDdu9DQn1DOnHmQPW9vn1TYP1m1rHTYTHD1nHbQPWDvrjmzn1nYPHmvPjTKTEDKTEDVTEDKpZwY0Znlszq1XBOlIiO6UhGdpvN8mvqVsvu6UhIOIy78sLTznzt4uMFfURqk0h-WuHYkFMwfgLKzpyP-5HcdnjTKTHDYsWDQra3QPjT8nHmOTHTKnTDKnikQnE7exEDQnjTdPTDQnjTzn1c1THDLmyubnWmYsHK6nHTVPj7BnBYOPj76sH7bmHTLnhEYrjI6PEDKPTDKTHnKPakQrjDQsjD3PjDKnE78IyQ_TH76m1cQrjN1mH0QPvFbPHT&lego_tid=17afd264-0a10-41b2-941a-1da072d487a5,南山,"(500.0, 1000.0]",True
寓单间出租一个月起租，家住私齐全，采光通风好拎包入住,600,1室0厅1卫,36平方米,南北,中层(共9层),精装修,公寓,南山村 (南山南山地铁口),True,True,"冰箱,洗衣机,热水器,宽带,沙发,油烟机,燃气灶,可做饭,电视,空调,衣柜,床,卫生间,智能门锁,阳台,",https://sz.zu.anjuke.com/fangyuan/1704754721349636?isauction=6&shangquan_id=6108&legoFeeUrl=https%3A%2F%2Flegoclick.58.com%2Fjump%3Ftarget%3DpZwY0ZnlsztdraOWUvYKuaYzP1TOPAndnBd-nAuBsHELrHEVrH6WPidWnjKhuWb3rANvrjmKnWTknH91PHEkTEDQP1TYP1NYP1cQn1EOPWnvTHTKnHTkTHD_nHTKPTDQPWT1PjnvnHE1nWDdTHDkTXy8BXyQ6Xy8C8Xqo8h6VBdEESXMMSpcfSXVhShTBXyc-SB6Jrh6VEDQTHcdTEDVnEDKnHnQrHNQP19vP1EvnjcLnWDzrEDvTyGGmNI-rWKxnWNknTDQTyEYnHuhuj9QsHF-nvmVPj0YPad6uh7hsymdryFBPvmvPW03uEDQn1DOPHDLrjmLPHNzPHEvrjDvTHD1nHbdnH03PW0YrjNYPjckPjbKTEDKTEDVTEDKpZwY0Znlszq1XBOlIiO6UhGdpvN8mvqVsvu6UhIOIy78sLTzPit4uMFfURqk0h-WuHYkFMwfgLKzpyP-5HcdnjTKTHDYsWDQra3QPjT8nHmOTHTKnTDKnikQnE7exEDQnjTdPTDQnjTzn1c1TyDYn101rHIbsH9dmymVPAEvPaY3nj0vsH0knyDLrADzP1R6rEDKPTDKTHnKPakQrjDQsjmQnj9KnE78IyQ_THPhnyDQmH9duHDLmWNYrj0&lego_tid=a437397d-85af-4d64-8076-701a78a275a9,南山,"(500.0, 1000.0]",True
西丽官龙村地铁口 特价单间出租 采光好 环境安静舒适,699,1室0厅1卫,14平方米,南北,中层(共8层),精装修,公寓,西丽官龙村 (南山西丽),True,True,"冰箱,洗衣机,热水器,宽带,沙发,油烟机,可做饭,电视,空调,衣柜,床,卫生间,智能门锁,阳台,暖气,",https://sz.zu.anjuke.com/fangyuan/1570156923200512?isauction=6&shangquan_id=1841&legoFeeUrl=https%3A%2F%2Flegoclick.58.com%2Fjump%3Ftarget%3DpZwY0ZnlsztdraOWUvYKuaYzP1TOPAndnBd-nAuBsHELrHEVrH6WPidWnjKhuWb3rANvrjmKnHTQPH0dPHEvTEDQPH0knHNvrHc1nWTkPHDzTHTKnHTkTHD_nHTKPTDQPWT1PjnvnHE1nWDdTHD1TXy8BXyQ6Xy8C8Xqo8h6VBdEESXMMSpcfSXVhShTBXyc-SB6Jrh6VEDQTHcdTEDVnEDKnHnQrHDvnHm3PWckPjDknjmkrTDvTyGGmNI-rWKxnWNknTDQTyN3uHbQmvN1syEQPyNVPj9LPaY3PhEQsyn1mhn3mhw-nHbku9DQn1DOnHmQPW9vn1TYP1m1rHTYTHD1nHbQPWDvrjmzn1nYPHmvPjTKTEDKTEDVTEDKpZwY0Znlszq1XBOlIiO6UhGdpvN8mvqVsvu6UhIOIy78sLTzPit4uMFfURqk0h-WuHYkFMwfgLKzpyP-5HcdnjTKTHDYsWDQra3QPjT8nHmOTHTKnTDKnikQnE7exEDQnjTdPTDQnjTzn1c1TyN3rH9OPHD1sHTQnW0VPjFBPBY3uyN3sHRWnhuWPADzPhnLrEDKPTDKTHnKPakQrjDQsjD3PjDKnE78IyQ_THN1nvmvuW9dryEYPjbvPjb&lego_tid=e8989513-0127-42b6-8ee8-5c2fc4a26c79,南山,"(500.0, 1000.0]",True
驋号线固戍直达南山单间齤麣麣起  拎包入住,1000,1室0厅1卫,12平方米,朝南,低层(共12层),精装修,公寓,深南花园 (南山科技园),True,True,"冰箱,洗衣机,热水器,宽带,油烟机,燃气灶,可做饭,空调,衣柜,床,卫生间,智能门锁,阳台,暖气,",https://sz.zu.anjuke.com/fangyuan/1694985499993092?isauction=6&shangquan_id=2683&legoFeeUrl=https%3A%2F%2Flegoclick.58.com%2Fjump%3Ftarget%3DpZwY0ZnlsztdraOWUvYKuaYzP1TOPAndnBd-nAuBsHELrHEVrH6WPidWnjKhuWb3rANvrjmKnHTkrHnvnWDYTEDQPWbYrH9dPjbOrHb1njbzTHTKnHTkTHD_nHTKPTDQPWT1PjnvnHE1nWDdTHDvTXy8BXyQ6Xy8C8Xqo8h6VBdEESXMMSpcfSXVhShTBXyc-SB6Jrh6VEDQTHcdTEDVnEDKnHnQrj9dnjNkPWNzPj0zrHnYPTDvTyGGmNI-rWKxnWNknTDQTH7huhNYnHRBsHNvuhnVPAF6uad6uW91syFWnjm3PjFBnvNkPTDQn1D3rjNkPHTvPWTknWnkrHDzTHD1nH93PHTdnjmdPWcYP19krjTKTEDKTEDVTEDKpZwY0Znlszq1XBOlIiO6UhGdpvN8mvqVsvu6UhIOIy78sLTzPit4uMFfURqk0h-WuHYkFMwfgLKzpyP-5HcdnjTKTHDYsWDQra3QPjT8nHmOTHTKnTDKnikQnE7exEDQnjTdPTDQnjTzn1c1TynLuAFWPyDzsymYPjcVPjmOradBrj0OsH6-nyNYmyELPHbQnTDKPTDKTHnKPakQrjDQsjcvrjnKnE78IyQ_THFbn1IWrjN3PyubnWcLuWE&lego_tid=c7dbc5a2-f442-4698-b879-8e1e4ad75910,南山,"(500.0, 1000.0]",True
南山区 近大新地铁站 精装采光好龤中介 家具齐全 可拎包入住,1200,1室0厅1卫,12平方米,朝南,中层(共8层),精装修,普通住宅,一甲海边新村 (南山南头),True,True,"冰箱,洗衣机,热水器,宽带,沙发,油烟机,燃气灶,可做饭,电视,空调,衣柜,床,卫生间,智能门锁,阳台,",https://sz.zu.anjuke.com/fangyuan/1605965310336003?isauction=6&shangquan_id=1834&legoFeeUrl=https%3A%2F%2Flegoclick.58.com%2Fjump%3Ftarget%3DpZwY0ZnlsztdraOWUvYKuaYzP1TOPAndnBd-nAuBsHELrHEVrH6WPidWnjKhuWb3rANvrjmKnWTknHckrj0OTEDQPWTdrHmdn1Dkn1nvnjT1THTKnHTkTHD_nHTKPTDQPWT1PjnvnHE1nWDdTHczTXy8BXyQ6Xy8C8Xqo8h6VBdEESXMMSpcfSXVhShTBXyc-SB6Jrh6VEDQTHcdTEDVnEDKnHnQrHDvn1N1PjTdPHTdPHnvnTDvTyGGmNI-rWKxnWNknTDQTH9QnjTkPvnzsym3mWnVPAFBPBY3ryFhsyR6uj9LuW9knvwWmkDQn1DOnHm1PHnYnWNznHbQP1EYTHD1nHbQPWndn1EQrH0vPWNLrHcKTEDKTEDVTEDKpZwY0Znlszq1XBOlIiO6UhGdpvN8mvqVsvu6UhIOIy78sLTzPit4uMFfURqk0h-WuHYkFMwfgLKzpyP-5HcdnjTKTHDYsWDQra3QPjT8nHmOTHTKnTDKnikQnE7exEDQnjTdPTDQnjTzn1c1THN1nW03nvc3sHP6Pj0VPAcdraYOuhDksyR-PWnQuhNOuH0knkDKPTDKTHnKPakQrjDQsjD3n1EKnE78IyQ_TywBPWIhryn3P19vnvRWP10&lego_tid=532783b8-3a47-4b58-9fa0-ee631fe9e703,南山,"(1000.0, 1500.0]",True
桃园地铁口 南山医院旁 单间独卫采光好 直租 拎包入住,1300,1室0厅1卫,13平方米,朝南,低层(共18层),精装修,普通住宅,常丰花园 (南山南头),True,True,"冰箱,洗衣机,热水器,宽带,沙发,油烟机,燃气灶,可做饭,电视,空调,衣柜,床,卫生间,智能门锁,阳台,",https://sz.zu.anjuke.com/fangyuan/1607303606853646?isauction=6&shangquan_id=1834&legoFeeUrl=https%3A%2F%2Flegoclick.58.com%2Fjump%3Ftarget%3DpZwY0ZnlsztdraOWUvYKuaYzP1TOPAndnBd-nAuBsHELrHEVrH6WPidWnjKhuWb3rANvrjmKP1c3nHD3nEDKnHmkP1nkn1mkPW9dn1mYP9DkTHDknTDQsjDkTHEKnHmkn1E1PWDYn1cQP9DzPkZ-oCM-_mg-oJsMfpeGCUmVND5MGO4hBs4MoufG9cM-BFxCCpWGCUNKnEDzPEDKsHDKTHD1nHbQrjEQPHEvrHcQPWbLnW9KP97Jpy7ZuHCkg1cdnjTKnE7bnHNLP1E3PaYQuHDksHw6PHcVrHwbradBmWcLnhRBrjRBuyNKnHnQrHD3PjDdPj03rjm1rj0znTDQn1DOnH9YnHNYP1nYnHDzP1m3TEDKTEDKsEDKTy6YIZK1rBtf0LC8XMN8myOJIyV-shPfUiqhmyOMXgR6UBqknWNf5vuzUvdx0ZFGmvNqnauYUdqk0h-WuHYzPHTkTEDQPa3QnH98nHEksWDvrEDkTHTKTHD_nHDKXLYKnHTkPHEKnHTknWnznk7WnjnYujFBmzYOnAEYsHE1nhmVmyEYmBYLrjuBryNzmhnOmyDKTHEKTED1THE_nH9QnikQrjnYTHDKUMR_UTDOmWRBmyEvmWPBnW0QuWPW&lego_tid=c034d2bc-90d4-432f-ad4b-786b9e2bc9aa,南山,"(1000.0, 1500.0]",True
公寓单间出租一个月起租，家住私齐全，采光通风好拎包入住自建房,600,1室0厅1卫,36平方米,南北,低层(共9层),精装修,公寓,前海湾花园(四期) (南山前海),True,True,"冰箱,洗衣机,热水器,宽带,沙发,油烟机,燃气灶,可做饭,电视,空调,衣柜,床,卫生间,智能门锁,阳台,",https://sz.zu.anjuke.com/fangyuan/1704754407988238?isauction=6&shangquan_id=2685&legoFeeUrl=https%3A%2F%2Flegoclick.58.com%2Fjump%3Ftarget%3DpZwY0ZnlsztdraOWUvYKuaYzP1TOPAndnBd-nAuBsHELrHEVrH6WPidWnjKhuWb3rANvrjmKnWTknH91PHEkTEDQP1TYP1NYPjTLrH93nWn3THTKnHTkTHD_nHTKPTDQPWT1PjnvnHE1nWDLTHNzTXy8BXyQ6Xy8C8Xqo8h6VBdEESXMMSpcfSXVhShTBXyc-SB6Jrh6VEDQTHcdTEDVnEDKnHnQrHNQrjD1njbvn1c1nj0znEDvTyGGmNI-rWKxnWNknTDQTymYPWNLn1DvsHwBPAnVPjbzuBdBmHmzsHnzP1bQnjELn193uTDQn1DOPHD3nHnQnjNOPWbOP1DzTHD1nHbdnH9Qn1DknWDOPjm3rjTKTEDKTEDVTEDKpZwY0Znlszq1XBOlIiO6UhGdpvN8mvqVsvu6UhIOIy78sLTzPit4uMFfURqk0h-WuHYkFMwfgLKzpyP-5HcdnjTKTHDYsWDQra3QPjT8nHmOTHTKnTDKnikQnE7exEDQnjTdPTDQnjTzn1c1Tym1n1EOrymdsH-hnycVPjc1nBd6PWFbsHRWuyEdP1c3mhw6nEDKPTDKTHnKPakQrjDQsjcvrjNKnE78IyQ_THcvrH03mynOujRBmvDzuAm&lego_tid=f33499f5-9f1b-4232-a62d-5ced5728bda1,南山,"(500.0, 1000.0]",True
公寓单间出租一个月起租，家住私齐全，采光通风好拎包入住自建房,600,1室0厅1卫,36平方米,南北,低层(共9层),精装修,公寓,前海湾花园(四期) (南山前海),True,True,"冰箱,洗衣机,热水器,宽带,沙发,油烟机,燃气灶,可做饭,电视,空调,衣柜,床,卫生间,智能门锁,阳台,",https://sz.zu.anjuke.com/fangyuan/1704754407988238?isauction=6&shangquan_id=2685&legoFeeUrl=https%3A%2F%2Flegoclick.58.com%2Fjump%3Ftarget%3DpZwY0ZnlsztdraOWUvYKuaYdmWn3njE1uBY1nymLsHw6myEVmyDvPBYduyF-rymYPjnvmWmKnWTknH91PHEkTEDQP1TYP1NYPjTLrH93nWn3THTKnHTkTHD_nHTKPTDQPWT1PjnvnH9LP1czTHmKOplFOUA7OplBOev8lpAvsRKjOlXxOCB4OlvUlmaFOmBgl2AClpAdTHDKnWmKTiYQTEDQn1DOPHD3nHnkrHm1nWnkP1cQTHmKph-6wvNln7tzPHTkTHDKnW6WrH0krymVPjT3PaYYuW76sH9dnWnVPjbOuH01m1-bmWPBTHD1nHbdnH9Qn1DkPHbvrHbLnHcKnHnQrHNQrjD1nHTznHbYPW93nTDKTEDKTiYKTE7CIZwk01CfsLPlsMGdsh78pMRouiOWUvYfuh78uL-dmy3f0jcvs1qh0hqVgLKzpyP-5HThIAqx0ZFGmvNqnWNknTDKnHE8nHD3sWDYna3QPWbKnTDkTEDQsjDQTgVqTHDknjNYTHDknjc1nWnKmHcdmWn3uWDVuHDdmzYYrHTzsH91myEVPvwbrjIbnHTLnjNQTEDYTEDKnkDYsjD3nHD_nWm3PEDQTyOdUAkKrAcLuhEYnymYP1KBm1ELmE&lego_tid=a25b38f1-e15c-4902-83ad-7dd87d107051,南山,"(500.0, 1000.0]",True
大学城地铁站 迷你复试 可押一付一,1000,1室0厅1卫,15平方米,朝南,中层(共8层),精装修,公寓,集悦城红花岭 (南山西丽),True,True,"洗衣机,热水器,宽带,空调,衣柜,床,卫生间,智能门锁,",https://sz.zu.anjuke.com/fangyuan/1395008975003662?isauction=6&shangquan_id=1841&legoFeeUrl=https%3A%2F%2Flegoclick.58.com%2Fjump%3Ftarget%3DpZwY0ZnlsztdraOWUvYKuaYdmWn3njE1uBY1nymLsHw6myEVmyDvPBYduyF-rymYPjnvmWmKPHnknWn3n9DKnHnOPHTkrjbLPHTkn1mvn9DkTHDknTDQsjDkTHEKnHmkn1E1PWD3P10znkDQPTZ-oCM-_mg-oJsMfpeGCUmVND5MGO4hBs4MoufG9cM-BFxCCpWGCUNKnEDzP9DKsHDKTHD1nHbQrj03PWNznjEQP1E3Pj9KP97Jpy7ZuHCkg1cdnjTKnED1nHwWuH6-PBdbmH-BsHwhnH9VrjnkniYYmH7BP1uhmWKBrHDKnHnQrHD3P19vPHnknjm1rH0YPTDQn1DOnH9LrjmdnWEvnHD1P1bzTEDKTEDKsEDKTy6YIZK1rBtf0LC8XMN8myOJIyV-shPfUiqhmyOMXgR6UBqknWmf5vuzUvdx0ZFGmvNqnauYUdqk0h-WuHYzPHTkTEDQPa3QnH98nHEksWDvrEDkTHTKTHD_nHDKXLYKnHTkPHEKnHTknWnznk7WmWTkmWT3PBYLnjNQsHwbnjEVmH9kradWmyDzmvwhnyRbuyNKTHEKTED1THE_nH9QnikQrjEQTHDKUMR_UT7WuWuWnvwhnvmvrHmkrHn3&lego_tid=cb00b086-7051-4d04-a808-caa2cdf1edee,南山,"(500.0, 1000.0]",True
桃园地铁口 南山医院旁 单间独卫采光好 直租 拎包入住,1300,1室0厅1卫,13平方米,朝南,低层(共18层),精装修,普通住宅,常丰花园 (南山南头),True,True,"冰箱,洗衣机,热水器,宽带,沙发,油烟机,燃气灶,可做饭,电视,空调,衣柜,床,卫生间,智能门锁,阳台,",https://sz.zu.anjuke.com/fangyuan/1607303606853646?isauction=6&shangquan_id=1834&legoFeeUrl=https%3A%2F%2Flegoclick.58.com%2Fjump%3Ftarget%3DpZwY0ZnlsztdraOWUvYKuaYOn1mzPhnOuaYzuymksHEYuhmVmhwBnadWuyPbryDkuyNYmWEKP1c3nHD3nEDKnHmkP1nkn1mkPW9dn1mYP9DkTHDknTDQsjDkTHEKnHmkn1E1PWc1nWcznkDzTXy8BXyQ6Xy8C8Xqo8h6VBdEESXMMSpcfSXVhShTBXyc-SB6Jrh6VEDQTHcLTEDVnEDKnHnQrHD3PjDdPjmOnWDvrH0zrTDvTyGGmNI-rWKxnWNknTDQTHbdmWE1uhmYsy7buWEVPjmvmiYOPjFbsHTOnHbzrARbuhP6u9DQn1DOnH9YnHNYP193PWn3P1ckTHD1nHbQrjEQPHELn1EQnHcLPW9KTEDKTEDVTEDKpZwY0Znlszq1XBOlIiO6UhGdpvN8mvqVsvu6UhIOIy78sLTzPzt4uMFfURqk0h-WuHYkFMwfgLKzpyP-5HcdnjTKTHDYsWDQra3QPjT8nHmOTHTKnTDKnikQnE7exEDQnjTdPTDQnjTzn1c1THmLrHF-PAnQsH0vmvEVPAR-uidBmWndsHIBujNYmv7hmHmkPkDKPTDKTHnKPakQrjDQsjD3n1EKnE78IyQ_TH9km1ELPymduWKWujwbnHc&lego_tid=6792e4c1-76cd-4eee-bb35-7bd54cafa607,南山,"(1000.0, 1500.0]",True
大学城限时特价迷你复式 Mini Loft 应届生押一付一,1000,1室1厅1卫,12平方米,朝南,中层(共9层),精装修,公寓,大学城创客小镇 (南山大学城),True,True,"冰箱,洗衣机,热水器,宽带,沙发,空调,衣柜,床,卫生间,智能门锁,",https://sz.zu.anjuke.com/fangyuan/1700304037094407?isauction=6&shangquan_id=32363&legoFeeUrl=https%3A%2F%2Flegoclick.58.com%2Fjump%3Ftarget%3DpZwY0ZnlsztdraOWUvYKuaYOn1mzPhnOuaYzuymksHEYuhmVmhwBnadWuyPbryDkuyNYmWEKnWTknHEdrH0QTEDQP1Tkn1TYnjnLnjbYPjTLTHTKnHTkTHD_nHTKPTDQPWT1PjnvnWnznWc1THDvTXy8BXyQ6Xy8C8Xqo8h6VBdEESXMMSpcfSXVhShTBXyc-SB6Jrh6VEDQTHcLTEDVnEDKnHnQrHDLnHEkPWNdn1bYrjDvnTDvTyGGmNI-rWKxnWNknTDQTyFWuWcOPj9YsHNLnHbVPjPhnidBnjbdsyEdm1R-nW9YuHP6PTDQn1DOnH0QPjTvrjTQPjDznjbvTHD1nHbQP1DYnjmLn19dnjDvn1cKTEDKTEDVTEDKpZwY0Znlszq1XBOlIiO6UhGdpvN8mvqVsvu6UhIOIy78sLTzPzt4uMFfURqk0h-WuHYkFMwfgLKzpyP-5HcdnjTKTHDYsWDQra3QPjT8nHmOTHTKnTDKnikQnE7exEDQnjTdPTDQnjTzn1c1TycLPhRhPjRbsHcLPH9VPjTLridBnvDksHEdmHcOmhPbPhubmEDKPTDKTHnKPakQrjDQsjnzn1m1THDKUMR_UT7hnW0OPyP-P1bYrAczPj7W&lego_tid=b76ef45d-2758-4079-b3a0-45a29bcd6fda,南山,"(500.0, 1000.0]",True
深圳南山低价床位鑶餼龤一个月，随时入住还在等什么,650,5室1厅3卫,18平方米,东南,中层(共32层),精装修,普通住宅,向南瑞峰花园 (南山南山中心区),True,True,"电视,空调,衣柜,床,卫生间,智能门锁,阳台,冰箱,洗衣机,热水器,宽带,沙发,",https://sz.zu.anjuke.com/fangyuan/1704619371077643?isauction=6&shangquan_id=11994&legoFeeUrl=https%3A%2F%2Flegoclick.58.com%2Fjump%3Ftarget%3DpZwY0ZnlsztdraOWUvYKuadbrHIbPjuWPzd6m1FWsHEzuhEVrHFbmzdWuymOmyNQmH--m19KnHTknWEdn1T3TEDQP1TYPWDOn10Qnj0LPWE1THTKnHTkTHD_nHTKPTDQPWT1PjnvnW0LnWc3THNOTXy8BXyQ6Xy8C8Xqo8h6VBdEESXMMSpcfSXVhShTBXyc-SB6Jrh6VEDQTHc3TEDVnEDKnHnQrHEOn1cQP1TLrjE3PjbOn9DvTyGGmNI-rWKxnWNknTDQTHczujDzn1KBsyD3uAEVPjE3PzYOm10ksycOn10vm10vrjE3nTDQn1DOPjb1nWDLnH0OnHE3nW93THD1nHbYrHnznH0QnWTYnW9kn1cKTEDKTEDVTEDKpZwY0Znlszq1XBOlIiO6UhGdpvN8mvqVsvu6UhIOIy78sLTzrat4uMFfURqk0h-WuHYkFMwfgLKzpyP-5HcdnjTKTHDYsWDQra3QPjT8nHmOTHTKnTDKnikQn97exEDQnjTdPTDQnjTzn1c1Ty76m1DLnhFhsHTvPWNVPjDvnaYOnHczsyR-nj93PARhujF6PEDKPTDKTHnKPakQrjDQsjDQrHbYTHDKUMR_UTD3uhmLPjFBnj9YPjTdP1IW&lego_tid=aac172bf-0665-4160-9122-ee0884efd2a5,南山,"(500.0, 1000.0]",True
房东急租 精装修 家私家电齐全 近地铁 独卫大阳台 拎包入住,800,1室0厅1卫,14平方米,南北,中层(共12层),精装修,公寓,固戍红湾新村 (宝安西乡),True,True,"冰箱,洗衣机,热水器,宽带,沙发,油烟机,燃气灶,可做饭,电视,空调,衣柜,床,卫生间,智能门锁,阳台,暖气,",https://sz.zu.anjuke.com/fangyuan/1615726297947141?isauction=6&shangquan_id=6151&legoFeeUrl=https%3A%2F%2Flegoclick.58.com%2Fjump%3Ftarget%3DpZwY0ZnlsztdraOWUvYKuadbPWTLPWnYuBdhujRWsHEdrj0VrHP6uaYOP1mvuHTzrj7WnAcKnWTknHE3P1bQTEDQPWDdP1cvnWbLrHELnHEQTHTKnHTkTHD_nHTKPTDQPWT1PjnvPjDQPWNdTHn3TXy8BXyQ6Xy8C8Xqo8h6VBdEESXMMSpcfSXVhShTBXyc-SB6Jrh6VEDQTHnQTEDVnEDKnHnQrHEvrj9knWT1nj0Qnj03PEDvTyGGmNI-rWKxnWNknTDQTHT1uhNdnhDksymvnWNVPjbQnzd6PvDksHEdmWRhujEvuADYP9DQn1DOPjm3rjTznWDdnWNvnjmYTHD1nHbYPW93njcQPWTLn1TQnHcKTEDKTEDVTEDKpZwY0Znlszq1XBOlIiO6UhGdpvN8mvqVsvu6UhIOIy78sLT1nit4uMFfURqk0h-WuHYkFMwfgLKzpyP-5HcdnjTKTHDYsWDQra3QPjT8nHmOTHTKnTDKnikQnE7exEDQnjTdPTDQnjTzn1c1TyFWrjEYP1T3sH7hn1cVPjmYPidBnHT1sH93nymLmvmzmWR6rEDKPTDKTHnKPakQrjDzsjmQPHDKnE78IyQ_THF-ryEQuhw-mhnLmynkuyE&lego_tid=bc844708-1f32-4645-b103-881f7cf2b5a9,宝安,"(500.0, 1000.0]",True
固戍地铁閏龤龤米 精装公寓 采光 独立阳台厨卫 可短租一个月,880,1室0厅1卫,20平方米,南北,共5层,精装修,公寓,南昌第二新村 (宝安固戍),True,True,"冰箱,洗衣机,热水器,宽带,沙发,油烟机,可做饭,空调,衣柜,床,卫生间,智能门锁,阳台,",https://sz.zu.anjuke.com/fangyuan/1703506943713285?isauction=6&shangquan_id=33272&legoFeeUrl=https%3A%2F%2Flegoclick.58.com%2Fjump%3Ftarget%3DpZwY0ZnlsztdraOWUvYKuaYzPyD1uh7-PiYQuHRhsHwBPW9VmhDLmzd6PAmOuWI6m19dmymKnHTQn1nkPHT3TEDQP1T1PHTvrHE1P1D1nW9dTHTKnHTkTHD_nHTKPTDQPWT1PjnvPjNdPjcYTHcdTXy8BXyQ6Xy8C8Xqo8h6VBdEESXMMSpcfSXVhShTBXyc-SB6Jrh6VEDQTHnzTEDVnEDKnHnQrHEOrH93PHEkPHc3PWEknTDvTyGGmNI-rWKxnWNknTDQTynkmvRbPhNLsH6WrAnVPjmdnadBuAw6sH9LPH9zPAF-PhEdrEDQn1DOPjbOrj9dPHD3PHnzPWT3THD1nHbYrHb3rjNYPHDYnHbvPj9KTEDKTEDVTEDKpZwY0Znlszq1XBOlIiO6UhGdpvN8mvqVsvu6UhIOIy78sLT1nBt4uMFfURqk0h-WuHYkFMwfgLKzpyP-5HcdnjTKTHDYsWDQra3QPjT8nHmOTHTKnTDKnikQnE7exEDQnjTdPTDQnjTzn1c1TyNduj-6ujDzsyubPj0VPAwWuid6uHwbsHDkPj91PHEkmH6BnkDKPTDKTHnKPakQrjDzsjn1nW0zTHDKUMR_UTDvn1TQnWFhmHwBPH6hryck&lego_tid=e5d9ad12-fd47-4dce-ae4d-10483540a8b3,宝安,"(500.0, 1000.0]",True
房东急租 精装修 家私家电齐全 近地铁 独卫大阳台 拎包入住,800,1室0厅1卫,14平方米,南北,中层(共12层),精装修,公寓,固戍红湾新村 (宝安西乡),True,True,"冰箱,洗衣机,热水器,宽带,沙发,油烟机,燃气灶,可做饭,电视,空调,衣柜,床,卫生间,智能门锁,阳台,暖气,",https://sz.zu.anjuke.com/fangyuan/1615726297947141?isauction=6&shangquan_id=6151&legoFeeUrl=https%3A%2F%2Flegoclick.58.com%2Fjump%3Ftarget%3DpZwY0ZnlsztdraOWUvYKuaYzPyD1uh7-PiYQuHRhsHwBPW9VmhDLmzd6PAmOuWI6m19dmymKnWTknHE3P1bQTEDQPWDdP1cvnWbLrHELnHEQTHTKnHTkTHD_nHTKPTDQPWT1PjnvPjNdPjcYTHc3TXy8BXyQ6Xy8C8Xqo8h6VBdEESXMMSpcfSXVhShTBXyc-SB6Jrh6VEDQTHnzTEDVnEDKnHnQrHEvrj9knWT1nj0Qnj03PEDvTyGGmNI-rWKxnWNknTDQTHRbny7BuW76sywhmvDVPjwWPid6mWmzsH0znHndnH7bPAnQP9DQn1DOPjm3rjTznWDdnWNvnjmYTHD1nHbYPW93njcQPWTLn1TQnHcKTEDKTEDVTEDKpZwY0Znlszq1XBOlIiO6UhGdpvN8mvqVsvu6UhIOIy78sLT1nBt4uMFfURqk0h-WuHYkFMwfgLKzpyP-5HcdnjTKTHDYsWDQra3QPjT8nHmOTHTKnTDKnikQnE7exEDQnjTdPTDQnjTzn1c1THu-P1P6uHEYsyELnjEVPjmvridBrjDLsyn3uA7WrANknvN3PTDKPTDKTHnKPakQrjDzsjmQPHDKnE78IyQ_THNQujEzPvN3nyN3PWFbPHc&lego_tid=6e73ae44-d704-4669-b817-c8dac8e03e84,宝安,"(500.0, 1000.0]",True
固戍地铁餼麣麣米 精装公寓 采光 独立阳台厨卫 可短租一个月,880,1室0厅1卫,20平方米,南北,共5层,精装修,公寓,南昌第二新村 (宝安固戍),True,True,"冰箱,洗衣机,热水器,宽带,沙发,油烟机,可做饭,空调,衣柜,床,卫生间,智能门锁,阳台,",https://sz.zu.anjuke.com/fangyuan/1703506943713285?isauction=6&shangquan_id=33272&legoFeeUrl=https%3A%2F%2Flegoclick.58.com%2Fjump%3Ftarget%3DpZwY0ZnlsztdraOWUvYKuadhuWnzPyEzridbn1NzsHE1njcVmWIbriYOPjNdPjP6nAnLnj9KnHTQn1nkPHT3TEDQP1T1PHTvrHE1P1D1nW9dTHTKnHTkTHD_nHTKPTDQPWT1PjnvPjb3PH9LTHcKOplFOUA7OplBOev8lpAvsRKjOlXxOCB4OlvUlmaFOmBgl2AClpAdTHDKn1nKTiYQTEDQn1DOPjbOrj9dPjTdnW9vPjTkTHmKph-6wvNln7tzPHTkTHDKrAE3nHw6nhEVmh7BraYYm1TLsyF-uW0VujE1PAPbnj9QuHP-THD1nHbYrHb3rjNdnH9dn1cvnj9KnHnQrHEOrH93PHEdnHEQrHmYrTDKTEDKTiYKTE7CIZwk01CfsLPlsMGdsh78pMRouiOWUvYfuh78uL-dmy3f0jn1s1qh0hqVgLKzpyP-5HThIAqx0ZFGmvNqnWNknTDKnHE8nHD3sWDYna3QPWbKnTDkTEDQsjDQTgVqTHDknjNYTHDknjc1nWnKmWTvnHc1uyEVmWbOriYYPhDdsyDQrH9Vn1b1nWu6njDQrjEdTEDYTEDKnkDYsjD3nHc_n1nzP1cKnE78IyQ_Tyn1ry7huWuWmvuhPvDdPjE&lego_tid=b06123ed-b999-46a5-a198-39326a011845,宝安,"(500.0, 1000.0]",True
房东急租 精装修 家私家电齐全 近地铁 独卫大阳台 拎包入住,800,1室0厅1卫,14平方米,南北,中层(共12层),精装修,公寓,固戍红湾新村 (宝安西乡),True,True,"冰箱,洗衣机,热水器,宽带,沙发,油烟机,燃气灶,可做饭,电视,空调,衣柜,床,卫生间,智能门锁,阳台,暖气,",https://sz.zu.anjuke.com/fangyuan/1615726297947141?isauction=6&shangquan_id=6151&legoFeeUrl=https%3A%2F%2Flegoclick.58.com%2Fjump%3Ftarget%3DpZwY0ZnlsztdraOWUvYKuadhuWnzPyEzridbn1NzsHE1njcVmWIbriYOPjNdPjP6nAnLnj9KnWTknHE3P1bQTEDQPWDdP1cvnWbLrHELnHEQTHTKnHTkTHD_nHTKPTDQPWT1PjnvPjb3PH93THDQTXy8BXyQ6Xy8C8Xqo8h6VBdEESXMMSpcfSXVhShTBXyc-SB6Jrh6VEDQTHn1TEDVnEDKnHnQrHEvrj9knWT1nj0Qnj03PEDvTyGGmNI-rWKxnWNknTDQTHF-Pj-6myu-sH-6n1mVPAwBnid6PAw-syPWrjKbujFbPW6bn9DQn1DOPjm3rjTznWDdnWNvnjmYTHD1nHbYPW93njcQPWTLn1TQnHcKTEDKTEDVTEDKpZwY0Znlszq1XBOlIiO6UhGdpvN8mvqVsvu6UhIOIy78sLT1nzt4uMFfURqk0h-WuHYkFMwfgLKzpyP-5HcdnjTKTHDYsWDQra3QPjT8nHmOTHTKnTDKnikQnE7exEDQnjTdPTDQnjTzn1c1TyNvmym1uHbksHbvPjmVPAm1PzYOPj-hsHF6nANYnAc3ujDkmkDKPTDKTHnKPakQrjDzsjmQPHDKnE78IyQ_THbOuANLnjELuWN3nhmOnWE&lego_tid=e6af3e90-9646-4f37-949f-2a0e40b8d10c,宝安,"(500.0, 1000.0]",True
一号线西乡固戍地铁口电梯公寓招租 入住送网免租,750,1室0厅1卫,15平方米,西南,高层(共7层),精装修,公寓,石街新村 (宝安固戍),True,True,"冰箱,洗衣机,热水器,宽带,沙发,油烟机,可做饭,电视,空调,衣柜,床,卫生间,智能门锁,阳台,",https://sz.zu.anjuke.com/fangyuan/1668084512791555?isauction=6&shangquan_id=33272&legoFeeUrl=https%3A%2F%2Flegoclick.58.com%2Fjump%3Ftarget%3DpZwY0ZnlsztdraOWUvYKuadbmHmLnhDknzYkrHb1sHELnWDVrAN3uiY1rAEdrHNOnhDznjTKnWTknW9Ln1E3TEDQPWm3nj9YPHDzP1bQPHNdTHTKnHTkTHD_nHTKPTDQPWT1PjnvPWcLrHnzTHcKOplFOUA7OplBOev8lpAvsRKjOlXxOCB4OlvUlmaFOmBgl2AClpAdTHDKn1mKTiYQTEDQn1DOPj01n1DLn1DvPjT1nWTkTHmKph-6wvNln7tzPHTkTHDKnywBujndPyEVPvuhPBYYnhczsyD1PhEVmWczmvFbmvnYPHwhTHD1nHbYP1n1nH0YnH0kPWmYrH0KnHnQrHELn1nQP1nYrHbvnH0zrTDKTEDKTiYKTE7CIZwk01CfsLPlsMGdsh78pMRouiOWUvYfuh78uL-dmy3f0jnvs1qh0hqVgLKzpyP-5HThIAqx0ZFGmvNqnWNknTDKnHE8nHD3sWDYna3QPWbKnTDkTEDQsjDQTgVqTHDknjNYTHDknjc1nWnKnW-WPyNLnHcVnWEQniYYPvcOsH6bryDVryFbuHwhnyEkPhR6TEDYTEDKnkDYsjD3nHc_n1nzP1cKnE78IyQ_THF-nynzn1KbnWnLP1m3ryE&lego_tid=29c5e712-2411-47b9-8d9a-9bde4f1d06ea,宝安,"(500.0, 1000.0]",True
驋驋号线福永站 温馨公寓 独厨独卫 采光好 适合单身情侣,1300,1室0厅1卫,25平方米,南北,高层(共9层),精装修,公寓,星港同创汇 (宝安福永),True,True,"冰箱,洗衣机,热水器,宽带,沙发,油烟机,可做饭,电视,空调,衣柜,床,卫生间,智能门锁,阳台,",https://sz.zu.anjuke.com/fangyuan/1658305485791233?isauction=6&shangquan_id=6154&legoFeeUrl=https%3A%2F%2Flegoclick.58.com%2Fjump%3Ftarget%3DpZwY0ZnlsztdraOWUvYKuadbmHmLnhDknzYkrHb1sHELnWDVrAN3uiY1rAEdrHNOnhDznjTKnHTQn1cLnHb3TEDQPWN3n1TdPj9dP1bQnWn1THTKnHTkTHD_nHTKPTDQPWT1PjnvPWcLrHn1THD3TXy8BXyQ6Xy8C8Xqo8h6VBdEESXMMSpcfSXVhShTBXyc-SB6Jrh6VEDQTHnvTEDVnEDKnHnQnj9vnWTknW0knjDLP1EkrTDvTyGGmNI-rWKxnWNknTDQTyu-m1F6rjnQsHnLuhmVPAEQriY3nH0dsHbznvDvnADzmHKBm9DQn1DkrjmznjTzrjTOnWDLnjcYTHD1nHT3PWcknjcLPjcQnWTYPj9KTEDKTEDVTEDKpZwY0Znlszq1XBOlIiO6UhGdpvN8mvqVsvu6UhIOIy78sLT1PBt4uMFfURqk0h-WuHYkFMwfgLKzpyP-5HcdnjTKTHDYsWDQra3QPjT8nHmOTHTKnTDKnikQnE7exEDQnjTdPTDQnjTzn1c1THEOrj7-PymzsH7bnAEVPANQmiY3mWbzsyubuhDvmH9kPHR-n9DKPTDKTHnKPakQrjDzsjmQPHEKnE78IyQ_Tyu6njwhrAPWmWDQPhNQPHD&lego_tid=4981e5f2-1d0d-4e1a-8b92-fdfa6a8055e2,宝安,"(1000.0, 1500.0]",True
精致套间直租，近后瑞地铁站，周边配套齐全，温馨舒适，欢迎咨询,1100,1室0厅1卫,22平方米,南北,中层(共10层),精装修,公寓,后瑞村 (宝安后瑞),True,True,"冰箱,洗衣机,热水器,宽带,沙发,油烟机,可做饭,空调,衣柜,床,卫生间,智能门锁,暖气,",https://sz.zu.anjuke.com/fangyuan/1662456753871883?isauction=6&shangquan_id=36175&legoFeeUrl=https%3A%2F%2Flegoclick.58.com%2Fjump%3Ftarget%3DpZwY0ZnlsztdraOWUvYKuadbmHmLnhDknzYkrHb1sHELnWDVrAN3uiY1rAEdrHNOnhDznjTKnHTQnWcdnjDLTEDQPWmzPjNvP1N1rj0Qrj91THTKnHTkTHD_nHTKPTDQPWT1PjnvPWcLrHn1THc1TXy8BXyQ6Xy8C8Xqo8h6VBdEESXMMSpcfSXVhShTBXyc-SB6Jrh6VEDQTHnvTEDVnEDKnHnQrHEzPjcvPHcLnj9vnH9zPEDvTyGGmNI-rWKxnWNknTDQTHEzuhwhuhnLsHNLrAmVPjwWPidBnAEdsHDLrAN1nhn3PjbQu9DQn1DOPjcYnWmdn10QPHcdnHckTHD1nHbYnWEzPWN1njTznWmkPj9KTEDKTEDVTEDKpZwY0Znlszq1XBOlIiO6UhGdpvN8mvqVsvu6UhIOIy78sLT1PBt4uMFfURqk0h-WuHYkFMwfgLKzpyP-5HcdnjTKTHDYsWDQra3QPjT8nHmOTHTKnTDKnikQnE7exEDQnjTdPTDQnjTzn1c1Tyw-myn3PjDksymLrAmVPjEzPad6PhcYsHnOuHuhm1FbrjndPEDKPTDKTHnKPakQrjDzsjnvnH0dTHDKUMR_UTDvmynknyc3uhm3uWT1mhD1&lego_tid=deac8410-f78f-4424-a6b4-39e6fc2d8355,宝安,"(1000.0, 1500.0]",True
采光好全新装修 家私齐全 环境安全 让你有家的感觉,600,1室0厅1卫,36平方米,南北,低层(共9层),精装修,公寓,甲岸村 (宝安宝安中心区),True,True,"冰箱,洗衣机,热水器,宽带,沙发,油烟机,燃气灶,可做饭,电视,空调,衣柜,床,卫生间,智能门锁,阳台,",https://sz.zu.anjuke.com/fangyuan/1704754603140100?isauction=6&shangquan_id=6150&legoFeeUrl=https%3A%2F%2Flegoclick.58.com%2Fjump%3Ftarget%3DpZwY0ZnlsztdraOWUvYKuadbmHmLnhDknzYkrHb1sHELnWDVrAN3uiY1rAEdrHNOnhDznjTKnWTknH91PHEkTEDQP1TYP1NYPWT1nHEknHTkTHTKnHTkTHD_nHTKPTDQPWT1PjnvPWcLrHndTHE1TXy8BXyQ6Xy8C8Xqo8h6VBdEESXMMSpcfSXVhShTBXyc-SB6Jrh6VEDQTHnvTEDVnEDKnHnQrHNQP1bLnWc1rjD3njndn9DvTyGGmNI-rWKxnWNknTDQTynvuW7hPhwBsHmzPHDVPAmQPaY3n1cdsHDzP1mzrAnQPHbdmEDQn1DOPHDLrH0zn1cznj0kPHc3THD1nHbdnH0OP1czrjTQnWn1rHcKTEDKTEDVTEDKpZwY0Znlszq1XBOlIiO6UhGdpvN8mvqVsvu6UhIOIy78sLT1PBt4uMFfURqk0h-WuHYkFMwfgLKzpyP-5HcdnjTKTHDYsWDQra3QPjT8nHmOTHTKnTDKnikQnE7exEDQnjTdPTDQnjTzn1c1THw-nWNvPWNdsHIBPWnVPjnvPBdBnW0QsHnOnHNzPjm1nW7bu9DKPTDKTHnKPakQrjDzsjmQPHTKnE78IyQ_Tyn3uj0kmyDOuWbkPHbQujN&lego_tid=4e256655-7b63-4366-b271-3915246321df,宝安,"(500.0, 1000.0]",True
押一付一南山白领佳选 福永桥头直达 精装公寓 免中介 随时住,1300,1室0厅1卫,30平方米,南北,中层(共15层),精装修,公寓,新和一区 (宝安福永),True,True,"冰箱,洗衣机,热水器,宽带,沙发,油烟机,可做饭,电视,空调,衣柜,床,卫生间,智能门锁,阳台,",https://sz.zu.anjuke.com/fangyuan/1587312788366346?isauction=6&shangquan_id=6154&legoFeeUrl=https%3A%2F%2Flegoclick.58.com%2Fjump%3Ftarget%3DpZwY0ZnlsztdraOWUvYKuadbmHmLnhDknzYkrHb1sHELnWDVrAN3uiY1rAEdrHNOnhDznjTKPWc3rjNvnEDKnHN3P1nQnW03rjnvPWnYP9DkTHDknTDQsjDkTHEKnHmkn1E1PWmzP1b1PEDYrTZ-oCM-_mg-oJsMfpeGCUmVND5MGO4hBs4MoufG9cM-BFxCCpWGCUNKnED1P9DKsHDKTHD1nH9LPjmOrHmdnWDkPHEznj9KP97Jpy7ZuHCkg1cdnjTKnE7-PHKWm1nLnBYdn1DOsHEkmvnVrAnYmzYdnyDLPHNknj91PADKnHnQrj0YPWbOPWm1PjnknjEQP9DQn1D3P1EvrHbvPHN3rjTzrHEdTEDKTEDKsEDKTy6YIZK1rBtf0LC8XMN8myOJIyV-shPfUiqhmyOMXgR6UBqkn1mf5vuzUvdx0ZFGmvNqnauYUdqk0h-WuHYzPHTkTEDQPa3QnH98nHEksWDvrEDkTHTKTHD_nHDKXLYKnHTkPHEKnHTknWnznkDLm1wWrycknzYvm1mYsHEOmW0VrAEzniYvmvPhPH7BuywWuHNKTHEKTED1THE_nH9QnBkvnHNYTHDKUMR_UT76PycvujN3P1FWPWDznHDO&lego_tid=7c4c9b03-6c64-49b7-8d21-6ccf51bedce5,宝安,"(1000.0, 1500.0]",True
福永地铁站 近星港同创汇 同泰时代中心 家电齐全 拎包入住,1500,1室1厅1卫,40平方米,东南,中层(共10层),精装修,公寓,新和一区 (宝安福永),True,True,"冰箱,洗衣机,热水器,宽带,沙发,油烟机,可做饭,电视,空调,衣柜,床,卫生间,智能门锁,阳台,暖气,",https://sz.zu.anjuke.com/fangyuan/1677632624533518?isauction=6&shangquan_id=6154&legoFeeUrl=https%3A%2F%2Flegoclick.58.com%2Fjump%3Ftarget%3DpZwY0ZnlsztdraOWUvYKuadbmHmLnhDknzYkrHb1sHELnWDVrAN3uiY1rAEdrHNOnhDznjTKP1nvnWN3PkDKnHmLP1m1nWmzPjN1n1NQrTDkTHDknTDQsjDkTHEKnHmkn1E1PWmzP1b1PEDdnkZ-oCM-_mg-oJsMfpeGCUmVND5MGO4hBs4MoufG9cM-BFxCCpWGCUNKnED1P9DKsHDKTHD1nHbYP1nknjDvnWnLnWEkn1cKP97Jpy7ZuHCkg1cdnjTKnEDYuAR-PjbYmzYvmhwBsHELm1mVmW9kuaY1m1Ibm1-WmvEOnHEKnHnQrHELn1TknH9YnH9zP19YnTDQn1DOPj01njTQP10YP1c1nj0zTEDKTEDKsEDKTy6YIZK1rBtf0LC8XMN8myOJIyV-shPfUiqhmyOMXgR6UBqkn1mf5vuzUvdx0ZFGmvNqnauYUdqk0h-WuHYzPHTkTEDQPa3QnH98nHEksWDvrEDkTHTKTHD_nHDKXLYKnHTkPHEKnHTknWnznk7hryF6nWF6miYOnHIbsHwBnjNVrjRbmiY1nHmdnH-6nvELuHNKTHEKTED1THE_nH9QnBkvnHNYTHDKUMR_UT7WPj0Qm1P-mvnzm1u6mHD3&lego_tid=f9ba22aa-917d-4b05-85da-316519a3d7e5,宝安,"(1000.0, 1500.0]",True
整租 免中介 一号线地铁口温馨单间 带独立厨卫,1100,1室0厅1卫,13平方米,东南,中层(共12层),精装修,公寓,万象新天(三期) (宝安固戍),True,True,"冰箱,洗衣机,热水器,宽带,沙发,油烟机,燃气灶,可做饭,电视,空调,衣柜,床,卫生间,智能门锁,阳台,暖气,",https://sz.zu.anjuke.com/fangyuan/1689163327462407?isauction=6&shangquan_id=33272&legoFeeUrl=https%3A%2F%2Flegoclick.58.com%2Fjump%3Ftarget%3DpZwY0ZnlsztdraOWUvYKuaYzmHK6nWmYPzdWnjcYsHwbPjNVmymQuidbPHnQrjb3uADOuhNKnHTkn1mOrjmdTEDQPW9OnHm1n1cLPjmzPjTLTHTKnHTkTHD_nHTKPTDQPWT1PjnvPW01nHmvTHnkTXy8BXyQ6Xy8C8Xqo8h6VBdEESXMMSpcfSXVhShTBXyc-SB6Jrh6VEDQTHnLTEDVnEDKnHnQrHELnW0dPjmOPWmdrjbYPTDvTyGGmNI-rWKxnWNknTDQTyNYmvnLm1mksymQrAcVPjI6PzdBP1RBsyNYmyN3mHD3n1mzu9DQn1DOPj0zP1NYP193rHn1PWnzTHD1nHbYP1cLPHELn1EYnj0vrjTKTEDKTEDVTEDKpZwY0Znlszq1XBOlIiO6UhGdpvN8mvqVsvu6UhIOIy78sLT1Pzt4uMFfURqk0h-WuHYkFMwfgLKzpyP-5HcdnjTKTHDYsWDQra3QPjT8nHmOTHTKnTDKnikQnE7exEDQnjTdPTDQnjTzn1c1TynznWEznW9zsH66uhEVPjDvPBdBnyRWsywhPHmYrAn1nWcOnEDKPTDKTHnKPakQrjDzsjn1nW0zTHDKUMR_UT7brH0YuAc3uW01mHEQPvNO&lego_tid=c2242282-8afd-4166-b1ec-df5648c32291,宝安,"(1000.0, 1500.0]",True
一号线西乡固戍地铁口电梯公寓招租 入住送网免租,750,1室0厅1卫,15平方米,西南,高层(共7层),精装修,公寓,石街新村 (宝安固戍),True,True,"冰箱,洗衣机,热水器,宽带,沙发,油烟机,可做饭,电视,空调,衣柜,床,卫生间,智能门锁,阳台,",https://sz.zu.anjuke.com/fangyuan/1668084512791555?isauction=6&shangquan_id=33272&legoFeeUrl=https%3A%2F%2Flegoclick.58.com%2Fjump%3Ftarget%3DpZwY0ZnlsztdraOWUvYKuad6PAN1rjDdPad6rjFWsHEkm19VmhE3nzY3nAD3uHTdPWubPWcKnWTknW9Ln1E3TEDQPWm3nj9YPHDzP1bQPHNdTHTKnHTkTHD_nHTKPTDQPWT1PjnvP1DYPW9LTHD1TXy8BXyQ6Xy8C8Xqo8h6VBdEESXMMSpcfSXVhShTBXyc-SB6Jrh6VEDQTHn3TEDVnEDKnHnQrHELn1nQP1nQPWEkn1cknTDvTyGGmNI-rWKxnWNknTDQTHKbn1Khm1I-syRbuWNVPAnkPBd6PhRhsHE3rj01PHuBrjc3uTDQn1DOPj01n1DLPjDLnjmvPjbLTHD1nHbYP1n1nH01PjbOPWDLnW9KTEDKTEDVTEDKpZwY0Znlszq1XBOlIiO6UhGdpvN8mvqVsvu6UhIOIy78sLT1rat4uMFfURqk0h-WuHYkFMwfgLKzpyP-5HcdnjTKTHDYsWDQra3QPjT8nHmOTHTKnTDKnikQnE7exEDQnjTdPTDQnjTzn1c1TymvmvFBuARWsHcvPhnVPjnvrid6uj0dsHEYPjbknHbdmymkmkDKPTDKTHnKPakQrjDzsjn1nW0zTHDKUMR_UT7WmHTLnAmduhNOP1w-nju6&lego_tid=f6cbbdec-266c-4369-ad75-44490195af0c,宝安,"(500.0, 1000.0]",True
实图实价 后瑞地铁鑶鑶麣米 大单间 全新家私电器 环境优雅,1380,1室0厅1卫,20平方米,东北,低层(共6层),精装修,公寓,后瑞华庭 (宝安后瑞),True,True,"冰箱,洗衣机,热水器,宽带,沙发,油烟机,可做饭,空调,衣柜,床,卫生间,智能门锁,阳台,",https://sz.zu.anjuke.com/fangyuan/1693402661266445?isauction=6&shangquan_id=36175&legoFeeUrl=https%3A%2F%2Flegoclick.58.com%2Fjump%3Ftarget%3DpZwY0ZnlsztdraOWUvYKuadhuAubPjmdPiYQmW-hsHEzn1cVmhu6nadhujbYmyw6uWmLnjNKnWTknW9zrjDvTEDQPWb1PjTzPWmQnWmvPjEdTHTKnHTkTHD_nHTKPTDQPWT1PjnvP1bOP1E3THDOTXy8BXyQ6Xy8C8Xqo8h6VBdEESXMMSpcfSXVhShTBXyc-SB6Jrh6VEDQTHEkTEDVnEDKnHnQrHEdnWELn1N3Pjcvn1DLnTDvTyGGmNI-rWKxnWNknTDQTyPhnjcQmvDLsHwbPvNVPAE1uidBryPBsHKbPhw-uW0drHndmEDQn1DOPjNzPj01PW9kP1nznHmkTHD1nHbYPHcYP1nvnWmznjmznj9KTEDKTEDVTEDKpZwY0Znlszq1XBOlIiO6UhGdpvN8mvqVsvu6UhIOIy78sLTYnat4uMFfURqk0h-WuHYkFMwfgLKzpyP-5HcdnjTKTHDYsWDQra3QPjT8nHmOTHTKnTDKnikQnE7exEDQnjTdPTDQnjTzn1c1TyNOmhnOmhmdsH7WPWNVPAmLmzYOnHEvsHmQnvRhryDYm103rTDKPTDKTHnKPakQrjDzsjnvnH0dTHDKUMR_UTDYrjNzujbLnvELPWnQuHE1&lego_tid=e9bc9bf5-1c65-4f7c-9146-613ef9a4c788,宝安,"(1000.0, 1500.0]",True
近龤号和龤龤号线地铁口公寓直租，房东年轻和气，住户都是上班族,1000,1室0厅1卫,14平方米,南北,中层(共9层),精装修,公寓,西乡盐田新一村 (宝安碧海湾),True,True,"冰箱,洗衣机,热水器,宽带,沙发,油烟机,可做饭,空调,衣柜,床,卫生间,智能门锁,阳台,",https://sz.zu.anjuke.com/fangyuan/1704602724245514?isauction=6&shangquan_id=34426&legoFeeUrl=https%3A%2F%2Flegoclick.58.com%2Fjump%3Ftarget%3DpZwY0ZnlsztdraOWUvYKuadhuAubPjmdPiYQmW-hsHEzn1cVmhu6nadhujbYmyw6uWmLnjNKPHc3njT3rTDKnH0kPjmknW0zPjcYPHNQPTDkTHDknTDQsjDkTHEKnHmkn1E1PW0OrH0dnTDYnTZ-oCM-_mg-oJsMfpeGCUmVND5MGO4hBs4MoufG9cM-BFxCCpWGCUNKnEDYnTDKsHDKTHD1nHbYrjcdrjELnHbQP1DdrjEKP97Jpy7ZuHCkg1cdnjTKnEDLrHczn1-BPaYOmvnzsHwWnjbVmWIhraYOuhDzmvw-mycvmyEKnHnQrHE3nWN3Pj9zPjT1n1c3nTDQn1DOPj9zPH9YP1mdn1D1njcYTEDKTEDKsEDKTy6YIZK1rBtf0LC8XMN8myOJIyV-shPfUiqhmyOMXgR6UBqkPjTf5vuzUvdx0ZFGmvNqnauYUdqk0h-WuHYzPHTkTEDQPa3QnH98nHEksWDvrEDkTHTKTHD_nHDKXLYKnHTkPHEKnHTknWnznkDknHcQmW6hniYkuAuWsHEQnHDVmhEkuaY3nAPbnHIWnjRWnHEKTHEKTED1THE_nH9QnBk1PjEzP9DQTyOdUAkKPHDdnHw6mHTQuHRhuHnOPE&lego_tid=0121b8f1-0dfc-4111-bd0d-80cd17c05c14,宝安,"(500.0, 1000.0]",True
沙井地铁站出口旁 直租无中介 特价招租 长期有优惠送宽带,399,1室0厅1卫,14平方米,南北,共3层,精装修,公寓,博岗大厦(壆岗大厦) (宝安沙井),True,True,"洗衣机,热水器,宽带,沙发,油烟机,燃气灶,可做饭,空调,衣柜,床,卫生间,智能门锁,",https://sz.zu.anjuke.com/fangyuan/1647247239420943?isauction=6&shangquan_id=1846&legoFeeUrl=https%3A%2F%2Flegoclick.58.com%2Fjump%3Ftarget%3DpZwY0ZnlsztdraOWUvYKuadhuAubPjmdPiYQmW-hsHEzn1cVmhu6nadhujbYmyw6uWmLnjNKP1TznHNYPkDKnHmYP1cYP1c1rHEznjbYnkDkTHDknTDQsjDkTHEKnHmkn1E1PW0OrH0dnTDYrTZ-oCM-_mg-oJsMfpeGCUmVND5MGO4hBs4MoufG9cM-BFxCCpWGCUNKnEDYnTDKsHDKTHD1nHbdnHTQPjEvPWEYrjDLrHnKP97Jpy7ZuHCkg1cdnjTKnEDLnvuhuHnLnaYznhRWsHw-nAcVmWTYnaYvP1E1nHn3rAmOrAmKnHnQrHNQnjDYPj91PWEYPjDvnTDQn1DOPHDknHEYP101PHn1PWbvTEDKTEDKsEDKTy6YIZK1rBtf0LC8XMN8myOJIyV-shPfUiqhmyOMXgR6UBqkPjTf5vuzUvdx0ZFGmvNqnauYUdqk0h-WuHYzPHTkTEDQPa3QnH98nHEksWDvrEDkTHTKTHD_nHDKXLYKnHTkPHEKnHTknWnznkDLmWDvm1KbPBYOuHKhsHELPj0VmHNQriYQPjnLnjEzmHcLnHnKTHEKTED1THE_nH9QnBkQrjEvTHDKUMR_UTD3njE3nyuhnyD1PvE1ujmQ&lego_tid=7b16c0d6-9e0f-4747-a519-1437042a2713,宝安,"(0.0, 500.0]",True
近龒龒号线福永站 精美一房 独厨独卫  温馨家园 带阳台,1300,1室0厅1卫,30平方米,南北,中层(共13层),精装修,公寓,福永新村 (宝安福永),True,True,"冰箱,洗衣机,热水器,宽带,沙发,油烟机,可做饭,电视,空调,衣柜,床,卫生间,智能门锁,阳台,",https://sz.zu.anjuke.com/fangyuan/1553064677155853?isauction=6&shangquan_id=6154&legoFeeUrl=https%3A%2F%2Flegoclick.58.com%2Fjump%3Ftarget%3DpZwY0ZnlsztdraOWUvYKuaYYnh7WmHDLraYvujn3sHE1rHnVmhwBmzY3mH0Lujb3nyDdmvDKnHTQn1cLnHb3TEDQPHN1njmYPW0LnHNdrjN1THTKnHTkTHD_nHTKPTDQPWT1PjnvrjmQnjn1THDkTXy8BXyQ6Xy8C8Xqo8h6VBdEESXMMSpcfSXVhShTBXyc-SB6Jrh6VEDQTHEQTEDVnEDKnHnQnj91nWnYnHnQnWT3PWTQP9DvTyGGmNI-rWKxnWNknTDQTH0YuyPhPHPhsycOm19VPA7brad6rHm1synzrH9LPhD1mymYm9DQn1Dkrjnzn1EQPjTYn1mkP1TYTHD1nHT3n1c1PjD1Pjb3n1ELPHnKTEDKTEDVTEDKpZwY0Znlszq1XBOlIiO6UhGdpvN8mvqVsvu6UhIOIy78sLTYnit4uMFfURqk0h-WuHYkFMwfgLKzpyP-5HcdnjTKTHDYsWDQra3QPjT8nHmOTHTKnTDKnikQnE7exEDQnjTdPTDQnjTzn1c1THFBuAD1nAE1sHnzmvDVPj6hPzY3rHNYsymOmhc3uHubnHTzuEDKPTDKTHnKPakQrjDzsjmQPHEKnE78IyQ_THDQPyD3rjTQujczmvuWnyD&lego_tid=2bda30d3-32ca-48f7-8954-f9bb8e6d102e,宝安,"(1000.0, 1500.0]",True
押一付一 福永地铁口 南山直达 品牌公寓 免费健身随时看房,1350,1室1厅1卫,30平方米,南北,中层(共13层),精装修,公寓,新和一区 (宝安福永),True,True,"冰箱,洗衣机,热水器,宽带,沙发,油烟机,燃气灶,可做饭,空调,衣柜,床,卫生间,智能门锁,阳台,",https://sz.zu.anjuke.com/fangyuan/1595740175425543?isauction=6&shangquan_id=6154&legoFeeUrl=https%3A%2F%2Flegoclick.58.com%2Fjump%3Ftarget%3DpZwY0ZnlsztdraOWUvYKuaYYnh7WmHDLraYvujn3sHE1rHnVmhwBmzY3mH0Lujb3nyDdmvDKPWc3rjNvnEDKnHNOPH0YnjDLPHEzPHNYnkDkTHDknTDQsjDkTHEKnHmkn1E1PW9vnHT1PTDQrTZ-oCM-_mg-oJsMfpeGCUmVND5MGO4hBs4MoufG9cM-BFxCCpWGCUNKnEDYnEDKsHDKTHD1nH9LPjmLrjDQPjndPjn3nj9KP97Jpy7ZuHCkg1cdnjTKnEDdPywhuAEzuaYLryEOsHw-rHcVmWNQriYLuj76uAFbPyNknvEKnHnQrj0YPW03nHcdPW0OnjTQP9DQn1D3P1EvP19QnWndrjDYPjTkTEDKTEDKsEDKTy6YIZK1rBtf0LC8XMN8myOJIyV-shPfUiqhmyOMXgR6UBqkPjDf5vuzUvdx0ZFGmvNqnauYUdqk0h-WuHYzPHTkTEDQPa3QnH98nHEksWDvrEDkTHTKTHD_nHDKXLYKnHTkPHEKnHTknWnznk76PhcQnyu-ridbuyEvsHw6ujNVmH93raY3rjnLPWmvuhm1nWDKTHEKTED1THE_nH9QnBkvnHNYTHDKUMR_UT7-mymzuHnYuW0LnjPbuWDk&lego_tid=a6b11fe9-ded6-4ad5-a888-8837666ff321,宝安,"(1000.0, 1500.0]",True
整租 免中介 一号线地铁口温馨单间 带独立厨卫,1100,1室0厅1卫,13平方米,东南,中层(共12层),精装修,公寓,万象新天(三期) (宝安固戍),True,True,"冰箱,洗衣机,热水器,宽带,沙发,油烟机,燃气灶,可做饭,电视,空调,衣柜,床,卫生间,智能门锁,阳台,暖气,",https://sz.zu.anjuke.com/fangyuan/1689163327462407?isauction=6&shangquan_id=33272&legoFeeUrl=https%3A%2F%2Flegoclick.58.com%2Fjump%3Ftarget%3DpZwY0ZnlsztdraOWUvYKuaYYnh7WmHDLraYvujn3sHE1rHnVmhwBmzY3mH0Lujb3nyDdmvDKnHTkn1mOrjmdTEDQPW9OnHm1n1cLPjmzPjTLTHTKnHTkTHD_nHTKPTDQPWT1PjnvrjmQnjnYTHckTXy8BXyQ6Xy8C8Xqo8h6VBdEESXMMSpcfSXVhShTBXyc-SB6Jrh6VEDQTHEQTEDVnEDKnHnQrHELnW0dPjmOPWmdrjbYPTDvTyGGmNI-rWKxnWNknTDQTynzn1wBnhNvsHc3mHEVPAmYPBdBPjwWsHEzPynYm1m1P1nYrTDQn1DOPj0zP1NYP193rHn1PWnzTHD1nHbYP1cLPHELn1EYnj0vrjTKTEDKTEDVTEDKpZwY0Znlszq1XBOlIiO6UhGdpvN8mvqVsvu6UhIOIy78sLTYnit4uMFfURqk0h-WuHYkFMwfgLKzpyP-5HcdnjTKTHDYsWDQra3QPjT8nHmOTHTKnTDKnikQnE7exEDQnjTdPTDQnjTzn1c1THIWmhD1m1E3symYP19VPj0dPidBuyN3syNYuyDkPWckPh76PTDKPTDKTHnKPakQrjDzsjn1nW0zTHDKUMR_UTD3ujn3njb1nj0LrjmdPjm1&lego_tid=7cba3c48-f478-4755-bee8-e4ea06206aa4,宝安,"(1000.0, 1500.0]",True
宝安西乡驋号线固戍地铁站靠近万象新天，新天地购物广场石街新村,1280,1室0厅1卫,28平方米,南北,高层(共9层),豪华装修,公寓,万象新天(三期) (宝安固戍),True,True,"冰箱,洗衣机,热水器,宽带,沙发,油烟机,燃气灶,可做饭,电视,空调,衣柜,床,卫生间,智能门锁,阳台,暖气,",https://sz.zu.anjuke.com/fangyuan/1655048838062091?isauction=6&shangquan_id=33272&legoFeeUrl=https%3A%2F%2Flegoclick.58.com%2Fjump%3Ftarget%3DpZwY0ZnlsztdraOWUvYKuaYYnh7WmHDLraYvujn3sHE1rHnVmhwBmzY3mH0Lujb3nyDdmvDKnHTQn1cdPHDvTEDQPWNdnjE3rjn3njmznjbQTHTKnHTkTHD_nHTKPTDQPWT1PjnvrjmQnjnvTHE1TXy8BXyQ6Xy8C8Xqo8h6VBdEESXMMSpcfSXVhShTBXyc-SB6Jrh6VEDQTHEQTEDVnEDKnHnQrHELnWNOnj0YrH0kPjDOn9DvTyGGmNI-rWKxnWNknTDQTHNvuHndnAF6sHIbmHDVPADYnBYOPWFhsymLrHnknj9kPjK6nkDQn1DOPj0zPHbkrjEQrH03rj9kTHD1nHbYP1cdrHTLP1TvP1b3nj9KTEDKTEDVTEDKpZwY0Znlszq1XBOlIiO6UhGdpvN8mvqVsvu6UhIOIy78sLTYnit4uMFfURqk0h-WuHYkFMwfgLKzpyP-5HcdnjTKTHDYsWDQra3QPjT8nHmOTHTKnTDKnikQnE7exEDQnjTdPTDQnjTzn1c1TyPBP1NvP1cvsy76rHEVPjRWPBdBuhPWsHIBn1TzuywBryE1PkDKPTDKTHnKPakQrjDzsjn1nW0zTHDKUMR_UT7BnHDzrH-WnjIWPWNLnWbQ&lego_tid=cb756726-aa94-45c6-bfcc-7b302edb9d37,宝安,"(1000.0, 1500.0]",True
福永 精装公寓高层 配套齐全 随时看 直达南山后海车公庙押一,1500,1室1厅1卫,30平方米,南北,中层(共16层),精装修,公寓,星港同创汇 (宝安福永),True,True,"冰箱,洗衣机,热水器,宽带,沙发,油烟机,可做饭,空调,衣柜,床,卫生间,智能门锁,",https://sz.zu.anjuke.com/fangyuan/1579230336311300?isauction=6&shangquan_id=6154&legoFeeUrl=https%3A%2F%2Flegoclick.58.com%2Fjump%3Ftarget%3DpZwY0ZnlsztdraOWUvYKuaYYnh7WmHDLraYvujn3sHE1rHnVmhwBmzY3mH0Lujb3nyDdmvDKP1EYPH91rEDKnHNLrHc1njn1PWnQnHnknTDkTHDknTDQsjDkTHEKnHmkn1E1PW9vnHT1PkDvnTZ-oCM-_mg-oJsMfpeGCUmVND5MGO4hBs4MoufG9cM-BFxCCpWGCUNKnEDYnEDKsHDKTHD1nHbkP10QnHTzPWNOPjmQnHcKP97Jpy7ZuHCkg1cdnjTKnE76rH6BujnQmBYQuymLsHEzm10VrAu-raYdnvDvuW7brAP-mWDKnHnQrHTLP1DQnjE1P1bQnWNLP9DQn1DOnj0LnHDkn1mzPjDOnWTQTEDKTEDKsEDKTy6YIZK1rBtf0LC8XMN8myOJIyV-shPfUiqhmyOMXgR6UBqkPjDf5vuzUvdx0ZFGmvNqnauYUdqk0h-WuHYzPHTkTEDQPa3QnH98nHEksWDvrEDkTHTKTHD_nHDKXLYKnHTkPHEKnHTknWnznkDYnWEznyEQPzYLnWDLsHEQPWNVmy7BuidBmyFBryDLujNzmynKTHEKTED1THE_nH9QnBkvnHNYTHDKUMR_UT7-uHwhPWNQPjE1mhDOnvRW&lego_tid=42421d17-7217-4165-aabe-babb9a7d52ac,宝安,"(1000.0, 1500.0]",True
閏号线，灵芝地铁站，适合情侣入住，带家电家私，拎包入住,1500,1室0厅1卫,30平方米,朝南,中层(共12层),豪华装修,公寓,冠城世家 (宝安新安),True,True,"冰箱,洗衣机,热水器,宽带,沙发,油烟机,可做饭,空调,衣柜,床,卫生间,",https://sz.zu.anjuke.com/fangyuan/1543650387959815?isauction=6&shangquan_id=1842&legoFeeUrl=https%3A%2F%2Flegoclick.58.com%2Fjump%3Ftarget%3DpZwY0ZnlsztdraOWUvYKuaYzmWRbnhEYmidhuAnYsHwBrycVrjbQmzd-nvDLuyndmHEYuyNKnHTQn1TYnjmvTEDQPHE1PWNkn19LrHNOrjDdTHTKnHTkTHD_nHTKPTDQPWT1PjnvrHDzPHndTHcKOplFOUA7OplBOev8lpAvsRKjOlXxOCB4OlvUlmaFOmBgl2AClpAdTHDKPjcKTiYQTEDQn1D3rjNzrj9OrjT1P1NOPWDvTHmKph-6wvNln7tzPHTkTHDKuhPBnAm3uymVmvmzPzYYuWnOsy7-m1DVuHcknjnkuj66nWKWTHD1nH93PHc3rjb3rj0vPjbLrHEKnHnQrj9dnW93rH91n1Dzn19YnEDKTEDKTiYKTE7CIZwk01CfsLPlsMGdsh78pMRouiOWUvYfuh78uL-dmy3f0jEzs1qh0hqVgLKzpyP-5HThIAqx0ZFGmvNqnWNknTDKnHE8nHD3sWDYna3QPWbKnTDkTEDQsjDQTgVqTHDknjNYTHDknjc1nWnKPWcknynQP10VP1mvuaYYPHczsyDQnjbVn1TvuyEQuhc1uANkTEDYTEDKnkDYsjD3nHc_nH9Yn9DQTyOdUAkKPj0vnWc3uWmYnWE1nj7bmE&lego_tid=6201c177-766d-4522-a109-306ed1fb3de0,宝安,"(1000.0, 1500.0]",True
麣号线固戍直达西乡坪洲，采光好可做饭，可养宠物，拎包住,700,1室0厅1卫,12平方米,朝南,低层(共12层),精装修,公寓,宝源新村 (宝安坪洲),True,True,"冰箱,洗衣机,热水器,宽带,沙发,油烟机,可做饭,空调,衣柜,床,卫生间,智能门锁,阳台,暖气,",https://sz.zu.anjuke.com/fangyuan/1536535938507784?isauction=6&shangquan_id=34419&legoFeeUrl=https%3A%2F%2Flegoclick.58.com%2Fjump%3Ftarget%3DpZwY0ZnlsztdraOWUvYKuaYzmWRbnhEYmidhuAnYsHwBrycVrjbQmzd-nvDLuyndmHEYuyNKnHTkrHnvnWDYTEDQPHnvPHndrHn3PHTLP19YTHTKnHTkTHD_nHTKPTDQPWT1PjnvrHDzPHnvTHmKOplFOUA7OplBOev8lpAvsRKjOlXxOCB4OlvUlmaFOmBgl2AClpAdTHDKPjcKTiYQTEDQn1D3rjNkPH0LnWEkPWb3rj9QTHmKph-6wvNln7tzPHTkTHDKnAF6ujELmW9VuW7BniYYnAFhsH66rjmVmvw-PjnOn17bmvDkTHD1nH93PHTdP101PHnOPjTOrHcKnHnQrj9dnjNLP1c3PW91PWczPTDKTEDKTiYKTE7CIZwk01CfsLPlsMGdsh78pMRouiOWUvYfuh78uL-dmy3f0jEzs1qh0hqVgLKzpyP-5HThIAqx0ZFGmvNqnWNknTDKnHE8nHD3sWDYna3QPWbKnTDkTEDQsjDQTgVqTHDknjNYTHDknjc1nWnKPjPWPHPWnANVmhN1PaYYPjEksH6WmHTVrj9OP10duj7bPWTLTEDYTEDKnkDYsjD3nHc_n1EYnHbKnE78IyQ_THmkrjDznjE1PWIbujmdPH9&lego_tid=43c53c0e-be34-4440-8ca0-889775d1d607,宝安,"(500.0, 1000.0]",True
押一付一 福永地铁口 南山直达 品牌公寓 免费健身随时看房,1350,1室1厅1卫,30平方米,南北,中层(共13层),精装修,公寓,新和一区 (宝安福永),True,True,"冰箱,洗衣机,热水器,宽带,沙发,油烟机,燃气灶,可做饭,空调,衣柜,床,卫生间,智能门锁,阳台,",https://sz.zu.anjuke.com/fangyuan/1595740175425543?isauction=6&shangquan_id=6154&legoFeeUrl=https%3A%2F%2Flegoclick.58.com%2Fjump%3Ftarget%3DpZwY0ZnlsztdraOWUvYKuaYzmWRbnhEYmidhuAnYsHwBrycVrjbQmzd-nvDLuyndmHEYuyNKPWc3rjNvnEDKnHNOPH0YnjDLPHEzPHNYnkDkTHDknTDQsjDkTHEKnHmkn1E1PWbQnWN1P9DQnkZ-oCM-_mg-oJsMfpeGCUmVND5MGO4hBs4MoufG9cM-BFxCCpWGCUNKnEDYn9DKsHDKTHD1nH9LPjmLrjDQPjndPjn3nj9KP97Jpy7ZuHCkg1cdnjTKnEDzPvEOnjEYPadWPWI6sHEznHnVrj--nzYLuhR-nvE3nhmOP1NKnHnQrj0YPW03nHcdPW0OnjTQP9DQn1D3P1EvP19QnWndrjDYPjTkTEDKTEDKsEDKTy6YIZK1rBtf0LC8XMN8myOJIyV-shPfUiqhmyOMXgR6UBqkPjcf5vuzUvdx0ZFGmvNqnauYUdqk0h-WuHYzPHTkTEDQPa3QnH98nHEksWDvrEDkTHTKTHD_nHDKXLYKnHTkPHEKnHTknWnznk7WmvwBnvnvnBYOuH7bsHE3nADVrHwbmzdbPynzmH9OmycvrycKTHEKTED1THE_nH9QnBkvnHNYTHDKUMR_UTDdnywbuWEdnh76m1PbnhcQ&lego_tid=ccdb3c62-9e1d-480a-94dc-d5c2a89ab69b,宝安,"(1000.0, 1500.0]",True
福永地铁站閏驋驋米，精装园区公寓，大单房带阳台直租，免费停车,1200,1室0厅1卫,30平方米,东南,中层(共8层),精装修,公寓,同泰时代中心 (宝安福永),True,True,"冰箱,洗衣机,热水器,宽带,沙发,油烟机,燃气灶,可做饭,电视,空调,衣柜,床,卫生间,智能门锁,阳台,暖气,",https://sz.zu.anjuke.com/fangyuan/1658649545154575?isauction=6&shangquan_id=6154&legoFeeUrl=https%3A%2F%2Flegoclick.58.com%2Fjump%3Ftarget%3DpZwY0ZnlsztdraOWUvYKuaYzmWRbnhEYmidhuAnYsHwBrycVrjbQmzd-nvDLuyndmHEYuyNKnHTQPHEvrHTvTEDQPWN3PWEOPHEdnHNYPH0dTHTKnHTkTHD_nHTKPTDQPWT1PjnvrHDzPHnLTHn1TXy8BXyQ6Xy8C8Xqo8h6VBdEESXMMSpcfSXVhShTBXyc-SB6Jrh6VEDQTHEzTEDVnEDKnHnQnWbYnjTQPHTQn1TLPWbOnkDvTyGGmNI-rWKxnWNknTDQTyw6rAEvmvu-sHF-m10VPjFBnzYOuAmYsyEkm10Onhn1PvRhn9DQn1DzrHEknjDdnHTQnHNLn10LTHD1nHcOPjTknHNkPHT3nWNLnW9KTEDKTEDVTEDKpZwY0Znlszq1XBOlIiO6UhGdpvN8mvqVsvu6UhIOIy78sLTYnBt4uMFfURqk0h-WuHYkFMwfgLKzpyP-5HcdnjTKTHDYsWDQra3QPjT8nHmOTHTKnTDKnikQnE7exEDQnjTdPTDQnjTzn1c1THckPADYnjn1sHE1nymVPjcQPid6ujFBsH9vmH7bm1w6ryEQP9DKPTDKTHnKPakQrjDzsjmQPHEKnE78IyQ_TH-hmhP6PAFbm1IhnhE3PW0&lego_tid=204a4033-431f-4215-ad2b-86a1dc4a9d16,宝安,"(1000.0, 1500.0]",True
龒龒号线福永站 品牌公寓精装修 可养宠物 交通便利 拎包入住,1280,1室0厅1卫,25平方米,南北,中层(共6层),精装修,公寓,同泰时代中心 (宝安福永),True,True,"冰箱,洗衣机,热水器,宽带,沙发,油烟机,可做饭,空调,衣柜,床,卫生间,智能门锁,",https://sz.zu.anjuke.com/fangyuan/1660827081890826?isauction=6&shangquan_id=6154&legoFeeUrl=https%3A%2F%2Flegoclick.58.com%2Fjump%3Ftarget%3DpZwY0ZnlsztdraOWUvYKuaYQmvEvrjP-raYQnyP-sHEkPADVrj7BradbrjwBuANOnWnvPhmKnWTknWmYnHTOTEDQPWmkrjcLnj9QrjbkrjcvTHTKnHTkTHD_nHTKPTDQPWT1PjnvrHmkPHNOTHbKOplFOUA7OplBOev8lpAvsRKjOlXxOCB4OlvUlmaFOmBgl2AClpAdTHDKPjnKTiYQTEDQn1DOPj0krjT1nHmzPHTOn1DzTHmKph-6wvNln7tzPHTkTHDKuWTzrjcQPAEVPHcQnaYYnhmYsH6-mhNVrynzmym3rHbOPvm3THD1nHbYP1T3njnzPWnQP1cvnj9KnHnQrHELnj9kn1ckrjmYPWmdP9DKTEDKTiYKTE7CIZwk01CfsLPlsMGdsh78pMRouiOWUvYfuh78uL-dmy3f0jE1s1qh0hqVgLKzpyP-5HThIAqx0ZFGmvNqnWNknTDKnHE8nHD3sWDYna3QPWbKnTDkTEDQsjDQTgVqTHDknjNYTHDknjc1nWnKuhNknHbLPADVPW91PzYYujbksy7huj9Vmvm3nW6BrjEvPvEvTEDYTEDKnkDYsjD3nHc_PWDdPTDQTyOdUAkKPjP6nhwWn1I-rj0knvnzm9&lego_tid=fe01974a-6837-4d90-afd8-cf828b8467d6,宝安,"(1000.0, 1500.0]",True
宝安西乡龤号线固戍地铁站靠近万象新天，新天地购物广场石街新村,1280,1室0厅1卫,28平方米,南北,高层(共9层),豪华装修,公寓,万象新天(三期) (宝安固戍),True,True,"冰箱,洗衣机,热水器,宽带,沙发,油烟机,燃气灶,可做饭,电视,空调,衣柜,床,卫生间,智能门锁,阳台,暖气,",https://sz.zu.anjuke.com/fangyuan/1655048838062091?isauction=6&shangquan_id=33272&legoFeeUrl=https%3A%2F%2Flegoclick.58.com%2Fjump%3Ftarget%3DpZwY0ZnlsztdraOWUvYKuaYQmvEvrjP-raYQnyP-sHEkPADVrj7BradbrjwBuANOnWnvPhmKnHTQn1cdPHDvTEDQPWNdnjE3rjn3njmznjbQTHTKnHTkTHD_nHTKPTDQPWT1PjnvrHmkPHmkTHDOTXy8BXyQ6Xy8C8Xqo8h6VBdEESXMMSpcfSXVhShTBXyc-SB6Jrh6VEDQTHE1TEDVnEDKnHnQrHELnWNOnj0YrH0kPjDOn9DvTyGGmNI-rWKxnWNknTDQTyczPWTdPvDvsHnQPW9VPjc1niY3PhcYsHN3rjD1mWFWuHDvrEDQn1DOPj0zPHbkrjEQrH03rj9kTHD1nHbYP1cdrHTLP1TvP1b3nj9KTEDKTEDVTEDKpZwY0Znlszq1XBOlIiO6UhGdpvN8mvqVsvu6UhIOIy78sLTYnzt4uMFfURqk0h-WuHYkFMwfgLKzpyP-5HcdnjTKTHDYsWDQra3QPjT8nHmOTHTKnTDKnikQnE7exEDQnjTdPTDQnjTzn1c1TyPBPymOnH03syPbPANVPjmkPaYOnHnLsHu-m1N1rHDOrj0YP9DKPTDKTHnKPakQrjDzsjn1nW0zTHDKUMR_UTDzm1nvPhEkrHwhPAckP1u-&lego_tid=cb5f9178-cd4e-4604-9137-6ec539198746,宝安,"(1000.0, 1500.0]",True
直租，靠近地铁站，电梯房，家电家私齐全，可拎包入住，精装修,650,1室0厅1卫,30平方米,东南,中层(共11层),精装修,普通住宅,桥南273号小区 (宝安福永),True,True,"冰箱,洗衣机,热水器,宽带,沙发,油烟机,燃气灶,可做饭,电视,空调,衣柜,床,卫生间,智能门锁,阳台,暖气,",https://sz.zu.anjuke.com/fangyuan/1702013554074627?isauction=6&shangquan_id=6154&legoFeeUrl=https%3A%2F%2Flegoclick.58.com%2Fjump%3Ftarget%3DpZwY0ZnlsztdraOWUvYKuaYQmvEvrjP-raYQnyP-sHEkPADVrj7BradbrjwBuANOnWnvPhmKnWTkn1EOrHbOTEDQP1TznjD1PHNYnj0YPWcLTHTKnHTkTHD_nHTKPTDQPWT1PjnvrHmkPHmkTHc3TXy8BXyQ6Xy8C8Xqo8h6VBdEESXMMSpcfSXVhShTBXyc-SB6Jrh6VEDQTHE1TEDVnEDKnHnQrj9OPjmOrHmOPHNLrHD1P9DvTyGGmNI-rWKxnWNknTDQTHK-uhwbuycdsH6bmWNVPjNdnidBmynOsyNLnjnLP1Phnj0YuEDQn1D3rjbYPWbOrjbzP1DQPjcYTHD1nH93rHEvrHb3n19QrjNYP1nKTEDKTEDVTEDKpZwY0Znlszq1XBOlIiO6UhGdpvN8mvqVsvu6UhIOIy78sLTYnzt4uMFfURqk0h-WuHYkFMwfgLKzpyP-5HcdnjTKTHDYsWDQra3QPjT8nHmOTHTKnTDKnikQnE7exEDQnjTdPTDQnjTzn1c1THnYnWTkrjE3sHPBPynVPjEkraY3PW9QsHcYPvcQmyNvnW-6rTDKPTDKTHnKPakQrjDzsjmQPHEKnE78IyQ_TH93nH9vnvn1njD1mHRbm1c&lego_tid=34200848-3b5c-4408-8681-247b1ae629a8,宝安,"(500.0, 1000.0]",True
押一付一 福永地铁口 南山直达 品牌公寓 免费健身随时看房,1350,1室1厅1卫,30平方米,南北,中层(共13层),精装修,公寓,新和一区 (宝安福永),True,True,"冰箱,洗衣机,热水器,宽带,沙发,油烟机,燃气灶,可做饭,空调,衣柜,床,卫生间,智能门锁,阳台,",https://sz.zu.anjuke.com/fangyuan/1595740175425543?isauction=6&shangquan_id=6154&legoFeeUrl=https%3A%2F%2Flegoclick.58.com%2Fjump%3Ftarget%3DpZwY0ZnlsztdraOWUvYKuaYQmvEvrjP-raYQnyP-sHEkPADVrj7BradbrjwBuANOnWnvPhmKPWc3rjNvnEDKnHNOPH0YnjDLPHEzPHNYnkDkTHDknTDQsjDkTHEKnHmkn1E1PWbvnjNvnED1nkZ-oCM-_mg-oJsMfpeGCUmVND5MGO4hBs4MoufG9cM-BFxCCpWGCUNKnEDYnkDKsHDKTHD1nH9LPjmLrjDQPjndPjn3nj9KP97Jpy7ZuHCkg1cdnjTKnEDznH0QuAPWPBY3PynYsHELPAnVrjDknBdWuAnvmHcQrHm3mynKnHnQrj0YPW03nHcdPW0OnjTQP9DQn1D3P1EvP19QnWndrjDYPjTkTEDKTEDKsEDKTy6YIZK1rBtf0LC8XMN8myOJIyV-shPfUiqhmyOMXgR6UBqkPjnf5vuzUvdx0ZFGmvNqnauYUdqk0h-WuHYzPHTkTEDQPa3QnH98nHEksWDvrEDkTHTKTHD_nHDKXLYKnHTkPHEKnHTknWnznkDdPjb3PWR6miYkPvP6sHw6rjcVmHEzuBd-P1T3rH91n19dP1DKTHEKTED1THE_nH9QnBkvnHNYTHDKUMR_UTDvrAubnjDdujTOuHbYmW7W&lego_tid=549865aa-07ca-4a82-a42f-e70898338571,宝安,"(1000.0, 1500.0]",True
精致套间直租，近后瑞地铁站，周边配套齐全，温馨舒适，欢迎咨询,1100,1室0厅1卫,22平方米,南北,中层(共10层),精装修,公寓,后瑞村 (宝安后瑞),True,True,"冰箱,洗衣机,热水器,宽带,沙发,油烟机,可做饭,空调,衣柜,床,卫生间,智能门锁,暖气,",https://sz.zu.anjuke.com/fangyuan/1662456753871883?isauction=6&shangquan_id=36175&legoFeeUrl=https%3A%2F%2Flegoclick.58.com%2Fjump%3Ftarget%3DpZwY0ZnlsztdraOWUvYKuaYQmvEvrjP-raYQnyP-sHEkPADVrj7BradbrjwBuANOnWnvPhmKnHTQnWcdnjDLTEDQPWmzPjNvP1N1rj0Qrj91THTKnHTkTHD_nHTKPTDQPWT1PjnvrHmkPHmQTHE1TXy8BXyQ6Xy8C8Xqo8h6VBdEESXMMSpcfSXVhShTBXyc-SB6Jrh6VEDQTHE1TEDVnEDKnHnQrHEzPjcvPHcLnj9vnH9zPEDvTyGGmNI-rWKxnWNknTDQTHEdPhc3rjEdsHmzmHEVPj9LnzY3Pyc3sHDkmyDdPynOmH6BnEDQn1DOPjcYnWmdn10QPHcdnHckTHD1nHbYnWEzPWN1njTznWmkPj9KTEDKTEDVTEDKpZwY0Znlszq1XBOlIiO6UhGdpvN8mvqVsvu6UhIOIy78sLTYnzt4uMFfURqk0h-WuHYkFMwfgLKzpyP-5HcdnjTKTHDYsWDQra3QPjT8nHmOTHTKnTDKnikQnE7exEDQnjTdPTDQnjTzn1c1THmOnjuhuHuhsycLuADVPj0QmiYOrjmOsH9OPH9kn1T3rywBm9DKPTDKTHnKPakQrjDzsjnvnH0dTHDKUMR_UTDLPAubnyDvrycLrjubnAFB&lego_tid=6906fe6f-b7da-471a-9869-895803089dbb,宝安,"(1000.0, 1500.0]",True
麣号线近西乡地铁站 采光好 家私家电齐全精装修，采光好环境好,1500,2室1厅1卫,52平方米,朝南,中层(共15层),精装修,公寓,宝乐新村 (宝安西乡),True,True,"冰箱,洗衣机,热水器,宽带,沙发,油烟机,燃气灶,可做饭,电视,空调,衣柜,床,卫生间,智能门锁,阳台,暖气,",https://sz.zu.anjuke.com/fangyuan/1672300427550721?isauction=6&shangquan_id=6151&legoFeeUrl=https%3A%2F%2Flegoclick.58.com%2Fjump%3Ftarget%3DpZwY0ZnlsztdraOWUvYKuaY1PARbmW0vriYQmH0QsHwWn1TVmyNOmBY1m1m3rAP-nHDOPAnKnWTknWmdPHDdTEDQPW0zn1TkPjcLPHNkP1cQTHTKnHTkTHD_nHTKPTDQPWT1PjnLnjNLP1NdTHcdTXy8BXyQ6Xy8C8Xqo8h6VBdEESXMMSpcfSXVhShTBXyc-SB6Jrh6VEDQTHEdTEDVnEDKnHnQrj9dnjEOnWNvnH9OnHnzrTDvTyGGmNI-rWKxnWNknTDQTyDdPHmLrjuWsy7BmWEVPjczuBYOrjbzsycOnyN1mynLPhmvnTDQn1D3rjNkPjbzP1m1nWcznjDvTHD1nH93PHTYrHcLnWDzP1E3rjTKTEDKTEDVTEDKpZwY0Znlszq1XBOlIiO6UhGdpvN8mvqVsvu6UhIOIy78sLTYPit4uMFfURqk0h-WuHYkFMwfgLKzpyP-5HcdnjTKTHDYsWDQra3QPjT8nHmOTHTKnTDKnikQnE7exEDQnjTdPTDQnjTzn1c1TH6BPH-huHcOsHN3P1DVPjTdriYOuhR-sHDvPvcYmW0vPhN1PEDKPTDKTHnKPakQrjDzsjmQPHDKnE78IyQ_THN1rjNkP166rjEQnWb3nW9&lego_tid=8b59fe29-5871-4059-9fee-167b4b766e35,宝安,"(1000.0, 1500.0]",True
